Organization,Role(s),Website,Email,Source notes
2080 Ventures,Investor,https://2080.vc/,—,Speaker/org listed on 2025 agenda (investor/VC-type affiliation). Source: https://money2020middleeast.com/2025-agenda; No verified public role inbox found at https://2080.vc/ during this pass
4Rounds,Exhibitor,—,—,Source: https://money2020middleeast.com/2026-exhibitor; Website not confirmed from Money20/20 ME listing pages; email not invented
500 Global,Investor,https://500.co/,press@500.co,Logo/testimonial on Investor Program page. Source: https://money2020middleeast.com/investor/investor-program; verified on https://500.co/contact
76Columbus Family Investment,Investor,https://76columbus.com/,—,Logo/testimonial on Investor Program page; Speaker/org listed on 2025 agenda (investor/VC-type affiliation). Source: https://money2020middleeast.com/2025-agenda; https://money2020middleeast.com/investor/investor-program; No verified public role inbox found at https://76columbus.com/ during this pass
9900 Capital,Investor,https://9900.capital/,—,Speaker/org listed on 2025 agenda (investor/VC-type affiliation). Source: https://money2020middleeast.com/2025-agenda; No verified public role inbox found at https://9900.capital/ during this pass
Abdul Latif Jameel United Finance Company,Exhibitor,—,—,Exhibitors. Source: https://money2020middleeast.com/2026-exhibitor; Website not confirmed from Money20/20 ME listing pages; email not invented
Abwab.AI,Exhibitor,https://www.abwab.ai/,press@abwab.ai,Exhibitors. Source: https://money2020middleeast.com/2026-exhibitor; Website set to https://www.abwab.ai/ (official domain confirmed this pass); verified on https://www.abwab.ai/contact
AdalFi,Exhibitor,https://www.adalfi.com/,—,Exhibitors. Source: https://money2020middleeast.com/2026-exhibitor; Website set to https://www.adalfi.com/ (official domain confirmed this pass)
ADD For Information Technology,Exhibitor,—,—,Source: https://money2020middleeast.com/2026-exhibitor; Website not confirmed from Money20/20 ME listing pages; email not invented
Adria Global Solutions,Exhibitor,—,—,Exhibitors. Source: https://money2020middleeast.com/2026-exhibitor; Website not confirmed from Money20/20 ME listing pages; email not invented
Agricore Technologies Pte. Ltd.,Exhibitor,—,—,Source: https://money2020middleeast.com/2026-exhibitor; Website not confirmed from Money20/20 ME listing pages; email not invented
AgriProspero,Exhibitor,—,—,Source: https://money2020middleeast.com/2026-exhibitor; Website not confirmed from Money20/20 ME listing pages; email not invented
"AISON TECHNOLOGY CO., LIMITED",Exhibitor,—,—,Source: https://money2020middleeast.com/2026-exhibitor; Website not confirmed from Money20/20 ME listing pages; email not invented
AjeerPay,Exhibitor,https://ajeerpay.com/,—,Source: https://money2020middleeast.com/2026-exhibitor; Website set to https://ajeerpay.com/ (official domain confirmed this pass)
AjelPay,Exhibitor,—,—,Source: https://money2020middleeast.com/2026-exhibitor; Website not confirmed from Money20/20 ME listing pages; email not invented
AJSAR Advertising,Exhibitor,—,—,Source: https://money2020middleeast.com/2026-exhibitor; Website not confirmed from Money20/20 ME listing pages; email not invented
Al Bayan,Sponsor,https://www.albayan.ae/,marketing@albayan.ae,Media Partner. Source: https://money2020middleeast.com/sponsors-partners; verified on https://www.albayan.ae/contact-us
Al Moammar Information Systems Co.,Exhibitor,—,—,Source: https://money2020middleeast.com/2026-exhibitor; Website not confirmed from Money20/20 ME listing pages; email not invented
Al Rajhi Bank,Exhibitor / Sponsor,https://www.alrajhibank.com.sa/,—,Exhibitors; Founding Partner. Source: https://money2020middleeast.com/2026-exhibitor; https://money2020middleeast.com/sponsors-partners; No verified public role inbox found at https://www.alrajhibank.com.sa/ during this pass
Al Rajhi Capital,Investor,https://www.alrajhi-capital.com/,pr@alrajhi-capital.com,Logo/testimonial on Investor Program page. Source: https://money2020middleeast.com/investor/investor-program; verified on https://www.alrajhi-capital.com/
Al Rajhi Partners,Investor,https://www.alrajhipartners.com/,—,Logo/testimonial on Investor Program page; Speaker/org listed on 2026 agenda (investor/VC-type affiliation). Source: https://money2020middleeast.com/2026-agenda; https://money2020middleeast.com/investor/investor-program; No verified public role inbox found at https://www.alrajhipartners.com/ during this pass
Al Rajhi Takaful,Sponsor,https://www.alrajhitakaful.com/,customerservice@alrajhitakaful.com,Platinum. Source: https://money2020middleeast.com/sponsors-partners; verified on https://www.alrajhitakaful.com/
Al-Adaa Raeda Company,Exhibitor,—,—,Source: https://money2020middleeast.com/2026-exhibitor; Website not confirmed from Money20/20 ME listing pages; email not invented
Alarabiyya Almumayyaza Alraqmiyya Company Finance,Exhibitor,—,—,Exhibitors. Source: https://money2020middleeast.com/2026-exhibitor; Website not confirmed from Money20/20 ME listing pages; email not invented
AlHuda CIBE,Sponsor,https://alhudacibe.com/,info@alhudacibe.com,Community Partner. Source: https://money2020middleeast.com/sponsors-partners; verified on https://alhudacibe.com/
Alinma Bank,Exhibitor / Sponsor,https://www.alinma.com/,—,Exhibitors; Gold. Source: https://money2020middleeast.com/2026-exhibitor; https://money2020middleeast.com/sponsors-partners; No verified public role inbox found at https://www.alinma.com/ during this pass
Aljazira Bank,Exhibitor,—,—,Exhibitors. Source: https://money2020middleeast.com/2026-exhibitor; Website not confirmed from Money20/20 ME listing pages; email not invented
Alkhawrizmiah for Information Technology,Exhibitor,—,—,The Runway. Source: https://money2020middleeast.com/2026-exhibitor; Website not confirmed from Money20/20 ME listing pages; email not invented
Alkindus,Exhibitor,—,—,Exhibitors. Source: https://money2020middleeast.com/2026-exhibitor; Website not confirmed from Money20/20 ME listing pages; email not invented
Almamoon Insurance Brokers,Exhibitor,—,—,Exhibitors. Source: https://money2020middleeast.com/2026-exhibitor; Website not confirmed from Money20/20 ME listing pages; email not invented
Almutanabi Quant Solutions,Exhibitor,—,—,Source: https://money2020middleeast.com/2026-exhibitor; Website not confirmed from Money20/20 ME listing pages; email not invented
Alpaca,Investor,https://alpaca.markets/,support@alpaca.markets,Speaker/org listed on 2025 agenda (investor/VC-type affiliation). Source: https://money2020middleeast.com/2025-agenda; verified on https://alpaca.markets/
Alpha Power,Exhibitor,—,—,Source: https://money2020middleeast.com/2026-exhibitor; Website not confirmed from Money20/20 ME listing pages; email not invented
Alpheya,Investor,https://alpheya.com/,—,Speaker/org listed on 2025 agenda (investor/VC-type affiliation); Speaker/org listed on 2026 agenda (investor/VC-type affiliation). Source: https://money2020middleeast.com/2025-agenda; https://money2020middleeast.com/2026-agenda; No verified public role inbox found at https://alpheya.com/ during this pass
AlRajhi Capital,Exhibitor,https://www.alrajhi-capital.com/,pr@alrajhi-capital.com,Exhibitors. Source: https://money2020middleeast.com/2026-exhibitor; Website set to https://www.alrajhi-capital.com/ (official domain confirmed this pass); verified on https://www.alrajhi-capital.com/
ALRAJHI TAKAFUL INSURANCE COMPANY,Exhibitor,https://www.alrajhitakaful.com/,customerservice@alrajhitakaful.com,Exhibitors. Source: https://money2020middleeast.com/2026-exhibitor; Website set to https://www.alrajhitakaful.com/ (official domain confirmed this pass); verified on https://www.alrajhitakaful.com/
Alteia Capital Company,Exhibitor,https://alteiacapital.com/,contact@alteiafund.com,Source: https://money2020middleeast.com/2026-exhibitor; Website set to https://alteiacapital.com/ (official domain confirmed this pass); verified on https://alteiacapital.com/
Alweaam,Sponsor,https://www.alweaam.com.sa/,—,Media Partner. Source: https://money2020middleeast.com/sponsors-partners; No verified public role inbox found at https://www.alweaam.com.sa/ during this pass
American Express,Sponsor,https://www.americanexpress.com/,—,Bridge Stage. Source: https://money2020middleeast.com/sponsors-partners; No verified public role inbox found at https://www.americanexpress.com/ during this pass
AML Watcher,Exhibitor,https://amlwatcher.com/,sales@amlwatcher.com,Exhibitors. Source: https://money2020middleeast.com/2026-exhibitor; Website set to https://amlwatcher.com/ (official domain confirmed this pass); verified on https://amlwatcher.com/
AMORY LONDON LTD,Exhibitor,—,—,Exhibitors. Source: https://money2020middleeast.com/2026-exhibitor; Website not confirmed from Money20/20 ME listing pages; email not invented
Amwal Tech,Exhibitor,https://amwal.tech/,info@amwal.tech,Exhibitors. Source: https://money2020middleeast.com/2026-exhibitor; Website set to https://amwal.tech/ (official domain confirmed this pass); verified on https://amwal.tech/en
ANB,Exhibitor,https://www.anb.com.sa/,—,Exhibitors. Source: https://money2020middleeast.com/2026-exhibitor; Website set to https://www.anb.com.sa/ (official domain confirmed this pass)
Anzimat Wafra Company For Information Technology,Exhibitor,—,—,Source: https://money2020middleeast.com/2026-exhibitor; Website not confirmed from Money20/20 ME listing pages; email not invented
Apex Group,Investor,https://www.apexgroup.com/,—,Logo/testimonial on Investor Program page. Source: https://money2020middleeast.com/investor/investor-program; No verified public role inbox found at https://www.apexgroup.com/ during this pass
Apollo Global Management,Investor,https://www.apollo.com/,ir@apollo.com,Logo/testimonial on Investor Program page. Source: https://money2020middleeast.com/investor/investor-program; verified on https://www.apollo.com/
Aqyl.AI Pte. Ltd. (AskAlem),Exhibitor,https://www.aqyl.ai/,—,Source: https://money2020middleeast.com/2026-exhibitor; Website set to https://www.aqyl.ai/ (official domain confirmed this pass)
Arab National Bank (ANB),Sponsor,https://www.anb.com.sa/,—,Strategic. Source: https://money2020middleeast.com/sponsors-partners; No verified public role inbox found at https://www.anb.com.sa/ during this pass
Arab Times News,Sponsor,https://www.arabtimes.news/,—,Media Partner. Source: https://money2020middleeast.com/sponsors-partners; No verified public role inbox found at https://www.arabtimes.news/ during this pass
Arbor Ventures,Investor,https://arbor.vc/,—,Logo/testimonial on Investor Program page; Speaker/org listed on 2025 agenda (investor/VC-type affiliation). Source: https://money2020middleeast.com/2025-agenda; https://money2020middleeast.com/investor/investor-program; No verified public role inbox found at https://arbor.vc/ during this pass
Argaam,Sponsor,https://www.argaam.com/,—,Media Partner. Source: https://money2020middleeast.com/sponsors-partners; No verified public role inbox found at https://www.argaam.com/ during this pass
Argonautic Ventures,Investor,https://argonautic.us/,—,Logo/testimonial on Investor Program page; Speaker/org listed on 2025 agenda (investor/VC-type affiliation). Source: https://money2020middleeast.com/2025-agenda; https://money2020middleeast.com/investor/investor-program; No verified public role inbox found at https://argonautic.us/ during this pass
Arāya Ventures,Investor,https://araya.vc/,—,Speaker/org listed on 2025 agenda (investor/VC-type affiliation). Source: https://money2020middleeast.com/2025-agenda; No verified public role inbox found at https://araya.vc/ during this pass
AssanPay,Exhibitor,https://assanpay.com/,support@assanpay.com,Source: https://money2020middleeast.com/2026-exhibitor; Website set to https://assanpay.com/ (official domain confirmed this pass); verified on https://assanpay.com/
auditsa,Exhibitor,—,—,Source: https://money2020middleeast.com/2026-exhibitor; Website not confirmed from Money20/20 ME listing pages; email not invented
Augustus Media,Sponsor,https://augustusmedia.com/,—,Media Partner. Source: https://money2020middleeast.com/sponsors-partners; No verified public role inbox found at https://augustusmedia.com/ during this pass
Authentica,Exhibitor,https://authentica.sa/,—,Exhibitors. Source: https://money2020middleeast.com/2026-exhibitor; Website set to https://authentica.sa/ (official domain confirmed this pass)
AVELIN AI L.L.C-FZ,Exhibitor,https://avelin.ai/,hello@avelin.ai,Source: https://money2020middleeast.com/2026-exhibitor; Website set to https://avelin.ai/ (official domain confirmed this pass); verified on https://avelin.ai/
Awaed Capital,Investor,https://awaed.capital/,—,Speaker/org listed on 2025 agenda (investor/VC-type affiliation). Source: https://money2020middleeast.com/2025-agenda; No verified public role inbox found at https://awaed.capital/ during this pass
"AZAKAW, UNIPESSOAL LIMITADA.",Exhibitor,—,—,Exhibitors. Source: https://money2020middleeast.com/2026-exhibitor; Website not confirmed from Money20/20 ME listing pages; email not invented
Azentio Software Arabia for Information technology…,Exhibitor,—,—,Source: https://money2020middleeast.com/2026-exhibitor; Website not confirmed from Money20/20 ME listing pages; email not invented
Bank Albilad,Exhibitor / Sponsor,https://www.bankalbilad.com/,—,Exhibitors; Silver. Source: https://money2020middleeast.com/2026-exhibitor; https://money2020middleeast.com/sponsors-partners; No verified public role inbox found at https://www.bankalbilad.com/ during this pass
Bank AlJazira,Investor,https://www.bankaljazira.com/,—,Logo/testimonial on Investor Program page. Source: https://money2020middleeast.com/investor/investor-program; No verified public role inbox found at https://www.bankaljazira.com/ during this pass
banknbox,Exhibitor,https://www.banknbox.com/,sales@banknbox.com,Source: https://money2020middleeast.com/2026-exhibitor; Website set to https://www.banknbox.com/ (official domain confirmed this pass); verified on https://www.banknbox.com/
Banque Saudi Fransi (BSF),Sponsor,https://www.alfransi.com.sa/,—,Gold. Source: https://money2020middleeast.com/sponsors-partners; No verified public role inbox found at https://www.alfransi.com.sa/ during this pass
Barq,Exhibitor / Sponsor,https://www.barq.com.sa/,—,Exhibitors; Strategic. Source: https://money2020middleeast.com/2026-exhibitor; https://money2020middleeast.com/sponsors-partners; No verified public role inbox found at https://www.barq.com.sa/ during this pass
Barron's,Sponsor,https://www.barrons.com/,—,Media Partner. Source: https://money2020middleeast.com/sponsors-partners; No verified public role inbox found at https://www.barrons.com/ during this pass
Berry Holding,Exhibitor,—,—,Source: https://money2020middleeast.com/2026-exhibitor; Website not confirmed from Money20/20 ME listing pages; email not invented
Betastack,Exhibitor,—,—,Exhibitors. Source: https://money2020middleeast.com/2026-exhibitor; Website not confirmed from Money20/20 ME listing pages; email not invented
Beyond Technology Company,Exhibitor,—,—,Exhibitors. Source: https://money2020middleeast.com/2026-exhibitor; Website not confirmed from Money20/20 ME listing pages; email not invented
BIM Ventures,Investor,https://bimventures.com/,hello@bimventures.com,Speaker/org listed on 2025 agenda (investor/VC-type affiliation). Source: https://money2020middleeast.com/2025-agenda; verified on https://bimventures.com/
Bitmanager.ai,Exhibitor,https://bitmanager.ai/,hello@bitmanager.ai,Source: https://money2020middleeast.com/2026-exhibitor; Website set to https://bitmanager.ai/ (official domain confirmed this pass); verified on https://bitmanager.ai/
Blexfi,Exhibitor,https://www.blexfi.com/,—,Source: https://money2020middleeast.com/2026-exhibitor; Website set to https://www.blexfi.com/ (official domain confirmed this pass)
Bluetrain,Sponsor,https://bluetrain.co/,—,Media Partner. Source: https://money2020middleeast.com/sponsors-partners; No verified public role inbox found at https://bluetrain.co/ during this pass
BNP Paribas,Investor,https://group.bnpparibas/,—,Logo/testimonial on Investor Program page. Source: https://money2020middleeast.com/investor/investor-program; No verified public role inbox found at https://group.bnpparibas/ during this pass
Boyu Capital,Investor,https://www.boyucapital.com/,inquiries@boyucapital.com,Logo/testimonial on Investor Program page. Source: https://money2020middleeast.com/investor/investor-program; verified on https://www.boyucapital.com/
Brookfield,Investor,https://www.brookfield.com/,bbuc.enquiries@brookfield.com,Logo/testimonial on Investor Program page. Source: https://money2020middleeast.com/investor/investor-program; verified on https://www.brookfield.com/contact-us
BSF GROUP,Exhibitor,—,—,Exhibitors. Source: https://money2020middleeast.com/2026-exhibitor; Website not confirmed from Money20/20 ME listing pages; email not invented
BureauID,Exhibitor,https://bureau.id/,sales@bureau.id,Exhibitors. Source: https://money2020middleeast.com/2026-exhibitor; Website set to https://bureau.id/ (official domain confirmed this pass); verified on https://bureau.id/contact
Business Today Middle East,Sponsor,https://www.businesstoday.me/,—,Media Partner. Source: https://money2020middleeast.com/sponsors-partners; No verified public role inbox found at https://www.businesstoday.me/ during this pass
Cantor Fitzgerald,Investor,https://www.cantor.com/,—,Logo/testimonial on Investor Program page. Source: https://money2020middleeast.com/investor/investor-program; No verified public role inbox found at https://www.cantor.com/ during this pass
Cap Wallet,Exhibitor,https://capwallet.com/,—,Source: https://money2020middleeast.com/2026-exhibitor; Website set to https://capwallet.com/ (official domain confirmed this pass)
CapFlow AI L.L.C-FZ,Exhibitor,—,—,Source: https://money2020middleeast.com/2026-exhibitor; Website not confirmed from Money20/20 ME listing pages; email not invented
Capifly Information Technology Company,Exhibitor,—,—,Source: https://money2020middleeast.com/2026-exhibitor; Website not confirmed from Money20/20 ME listing pages; email not invented
Capital Market Authority (CMA),Exhibitor / Sponsor,https://cma.org.sa/,—,Exhibitors; Host. Source: https://money2020middleeast.com/2026-exhibitor; https://money2020middleeast.com/sponsors-partners (Hosted/Co-organised); No verified public role inbox found at https://cma.org.sa/ during this pass
Capitalbay News,Sponsor,https://www.capitalbay.news/,contact@capitalbay.news,Community Partner. Source: https://money2020middleeast.com/sponsors-partners; verified on https://www.capitalbay.news/
CashcomPay,Exhibitor,https://cashcompay.com/,info@cashcompay.com,Exhibitors. Source: https://money2020middleeast.com/2026-exhibitor; Website set to https://cashcompay.com/ (official domain confirmed this pass); verified on https://cashcompay.com/
Cashi LTD,Exhibitor,—,—,Source: https://money2020middleeast.com/2026-exhibitor; Website not confirmed from Money20/20 ME listing pages; email not invented
Casper Digital Inc.,Exhibitor,—,—,Source: https://money2020middleeast.com/2026-exhibitor; Website not confirmed from Money20/20 ME listing pages; email not invented
Checkout.com,Sponsor,https://www.checkout.com/,pr@checkout.com,Lanyard. Source: https://money2020middleeast.com/sponsors-partners; verified on https://www.checkout.com/contact-us
Chhaya Technologies Limited,Exhibitor,—,—,Source: https://money2020middleeast.com/2026-exhibitor; Website not confirmed from Money20/20 ME listing pages; email not invented
Chicago Global,Exhibitor,—,—,Exhibitors. Source: https://money2020middleeast.com/2026-exhibitor; Website not confirmed from Money20/20 ME listing pages; email not invented
Cifra Payments Ltd.,Exhibitor,https://cifrapayments.com/,—,Source: https://money2020middleeast.com/2026-exhibitor; Website set to https://cifrapayments.com/ (official domain confirmed this pass)
Citi,Investor,https://www.citigroup.com/,—,Logo/testimonial on Investor Program page. Source: https://money2020middleeast.com/investor/investor-program; No verified public role inbox found at https://www.citigroup.com/ during this pass
Citi Ventures,Investor,https://www.citi.com/ventures,—,Speaker/org listed on 2025 agenda (investor/VC-type affiliation). Source: https://money2020middleeast.com/2025-agenda; No verified public role inbox found at https://www.citi.com/ventures during this pass
Claimoniz Company,Exhibitor,https://claimoniz.com/,info@claimoniz.com,Exhibitors. Source: https://money2020middleeast.com/2026-exhibitor; Website set to https://claimoniz.com/ (official domain confirmed this pass); verified on https://claimoniz.com/en/
Clear Arabia,Exhibitor,—,—,Exhibitors. Source: https://money2020middleeast.com/2026-exhibitor; Website not confirmed from Money20/20 ME listing pages; email not invented
ClearGrid,Sponsor,https://www.cleargrid.co/,support@cleargrid.co,Silver. Source: https://money2020middleeast.com/sponsors-partners; verified on https://cleargrid.co/
CNBC Arabia,Sponsor,https://www.cnbcarabia.com/,—,Media Partner. Source: https://money2020middleeast.com/sponsors-partners; No verified public role inbox found at https://www.cnbcarabia.com/ during this pass
CNN Business Arabic,Sponsor,https://arabic.cnn.com/business,—,Media Partner. Source: https://money2020middleeast.com/sponsors-partners; No verified public role inbox found at https://arabic.cnn.com/business during this pass
CNTXT,Exhibitor / Sponsor,https://www.cntxt.sa/,—,Exhibitors; Gold. Source: https://money2020middleeast.com/2026-exhibitor; https://money2020middleeast.com/sponsors-partners; No verified public role inbox found at https://www.cntxt.sa/ during this pass
CodeNinja,Exhibitor,—,—,Source: https://money2020middleeast.com/2026-exhibitor; Website not confirmed from Money20/20 ME listing pages; email not invented
Comfi,Exhibitor,—,—,Exhibitors. Source: https://money2020middleeast.com/2026-exhibitor; Website not confirmed from Money20/20 ME listing pages; email not invented
Company AL-QAMA AL-HAMA For financial technology,Exhibitor,—,—,Source: https://money2020middleeast.com/2026-exhibitor; Website not confirmed from Money20/20 ME listing pages; email not invented
Concord insurance brokerage,Exhibitor,—,—,Exhibitors. Source: https://money2020middleeast.com/2026-exhibitor; Website not confirmed from Money20/20 ME listing pages; email not invented
Consumer Payments,Exhibitor,—,—,Source: https://money2020middleeast.com/2026-exhibitor; Website not confirmed from Money20/20 ME listing pages; email not invented
ContentFlow Company,Exhibitor,—,—,Source: https://money2020middleeast.com/2026-exhibitor; Website not confirmed from Money20/20 ME listing pages; email not invented
Coofounder,Exhibitor,—,—,Source: https://money2020middleeast.com/2026-exhibitor; Website not confirmed from Money20/20 ME listing pages; email not invented
CPD,Sponsor,https://www.cpduk.co.uk/,—,Education Partner. Source: https://money2020middleeast.com/sponsors-partners; No verified public role inbox found at https://www.cpduk.co.uk/ during this pass
Credit Plus,Exhibitor,—,—,Exhibitors. Source: https://money2020middleeast.com/2026-exhibitor; Website not confirmed from Money20/20 ME listing pages; email not invented
Crescit Pay Ltd.,Exhibitor,—,—,Source: https://money2020middleeast.com/2026-exhibitor; Website not confirmed from Money20/20 ME listing pages; email not invented
Cryptopolitan,Sponsor,https://www.cryptopolitan.com/,contact@cryptopolitan.com,Media Partner. Source: https://money2020middleeast.com/sponsors-partners; verified on https://www.cryptopolitan.com/contact/
Cybercast,Sponsor,https://cybercast.sa/,—,Media Partner. Source: https://money2020middleeast.com/sponsors-partners; No verified public role inbox found at https://cybercast.sa/ during this pass
D360 Bank,Exhibitor / Sponsor,https://www.d360.com/,customer.care@d360.com,Exhibitors; Gold. Source: https://money2020middleeast.com/2026-exhibitor; https://money2020middleeast.com/sponsors-partners; verified on https://d360.com/en/about-us
Daftar Pay,Exhibitor,—,—,Source: https://money2020middleeast.com/2026-exhibitor; Website not confirmed from Money20/20 ME listing pages; email not invented
Dal alilm Commercial,Exhibitor,—,—,Exhibitors. Source: https://money2020middleeast.com/2026-exhibitor; Website not confirmed from Money20/20 ME listing pages; email not invented
Dal Seen Company for Information Technology,Exhibitor,—,—,Source: https://money2020middleeast.com/2026-exhibitor; Website not confirmed from Money20/20 ME listing pages; email not invented
Dalio Teknoloji Danışmanlık ve Ticaret Anonim…,Exhibitor,—,—,Source: https://money2020middleeast.com/2026-exhibitor; Website not confirmed from Money20/20 ME listing pages; email not invented
Datox,Exhibitor,—,—,Source: https://money2020middleeast.com/2026-exhibitor; Website not confirmed from Money20/20 ME listing pages; email not invented
Davidson Kempner Capital Management,Investor,https://www.davidsonkempner.com/,—,Logo/testimonial on Investor Program page. Source: https://money2020middleeast.com/investor/investor-program; No verified public role inbox found at https://www.davidsonkempner.com/ during this pass
Dawn Capital,Investor,https://dawncapital.com/,hello@dawncapital.com,Logo/testimonial on Investor Program page. Source: https://money2020middleeast.com/investor/investor-program; verified on https://dawncapital.com/
DeFa by InvoiceMate,Exhibitor,—,—,Source: https://money2020middleeast.com/2026-exhibitor; Website not confirmed from Money20/20 ME listing pages; email not invented
DeFAI for Intelligent Solutions LLC.,Exhibitor,—,—,Source: https://money2020middleeast.com/2026-exhibitor; Website not confirmed from Money20/20 ME listing pages; email not invented
Dell,Sponsor,https://www.dell.com/,—,Silver. Source: https://money2020middleeast.com/sponsors-partners; No verified public role inbox found at https://www.dell.com/ during this pass
Dell Technologies,Exhibitor,—,—,Exhibitors. Source: https://money2020middleeast.com/2026-exhibitor; Website not confirmed from Money20/20 ME listing pages; email not invented
Derayah Financial,Exhibitor / Sponsor,https://www.derayah.com/,—,Exhibitors; Founding Partner. Source: https://money2020middleeast.com/2026-exhibitor; https://money2020middleeast.com/sponsors-partners; Website set to https://www.derayah.com/ (official domain confirmed this pass)
Deutsche Bank,Investor,https://www.db.com/,—,Logo/testimonial on Investor Program page. Source: https://money2020middleeast.com/investor/investor-program; No verified public role inbox found at https://www.db.com/ during this pass
Development Partners International (DPI),Investor,https://www.dpi-llp.com/,info@dpi-llp.com,Logo/testimonial on Investor Program page; Speaker/org listed on 2025 agenda (investor/VC-type affiliation). Source: https://money2020middleeast.com/2025-agenda; https://money2020middleeast.com/investor/investor-program; verified on https://www.dpi-llp.com/
Diwan Capital,Investor,https://diwan.capital/,hello@diwan.capital,Speaker/org listed on 2025 agenda (investor/VC-type affiliation). Source: https://money2020middleeast.com/2025-agenda; verified on https://diwan.capital/
Dolfin Technologies Ltd,Exhibitor,—,—,Source: https://money2020middleeast.com/2026-exhibitor; Website not confirmed from Money20/20 ME listing pages; email not invented
Drahim,Exhibitor,—,—,Exhibitors. Source: https://money2020middleeast.com/2026-exhibitor; Website not confirmed from Money20/20 ME listing pages; email not invented
Dubai Future Fund,Investor,https://www.dubaifuture.ae/,—,Logo/testimonial on Investor Program page; Speaker/org listed on 2025 agenda (investor/VC-type affiliation). Source: https://money2020middleeast.com/2025-agenda; https://money2020middleeast.com/investor/investor-program; No verified public role inbox found at https://www.dubaifuture.ae/ during this pass
EAC,Sponsor,https://www.eac.com.sa/,—,Plaza. Source: https://money2020middleeast.com/sponsors-partners; No verified public role inbox found at https://www.eac.com.sa/ during this pass
Ebra AI,Exhibitor,—,—,The Runway. Source: https://money2020middleeast.com/2026-exhibitor; Website not confirmed from Money20/20 ME listing pages; email not invented
Economy Middle East,Sponsor,https://economymiddleeast.com/,editorial@jcmediagroup.com,Media Partner. Source: https://money2020middleeast.com/sponsors-partners; verified on https://economymiddleeast.com/contact-us/
Ejari Financial Company (One Person Company),Exhibitor,—,—,Source: https://money2020middleeast.com/2026-exhibitor; Website not confirmed from Money20/20 ME listing pages; email not invented
Ektis,Sponsor,https://ektis.com/,—,Silver. Source: https://money2020middleeast.com/sponsors-partners; No verified public role inbox found at https://ektis.com/ during this pass
ELM,Sponsor,https://www.elm.sa/,—,Strategic. Source: https://money2020middleeast.com/sponsors-partners; No verified public role inbox found at https://www.elm.sa/ during this pass
ELM Company,Exhibitor,—,—,Exhibitors. Source: https://money2020middleeast.com/2026-exhibitor; Website not confirmed from Money20/20 ME listing pages; email not invented
Emirates NBD,Investor,https://www.emiratesnbd.com/,—,Logo/testimonial on Investor Program page. Source: https://money2020middleeast.com/investor/investor-program; No verified public role inbox found at https://www.emiratesnbd.com/ during this pass
Emkan,Sponsor,https://www.emkanfinance.com.sa/,customercare@emkanfinance.com.sa,Strategic. Source: https://money2020middleeast.com/sponsors-partners; verified on https://www.emkanfinance.com.sa/
Emkan Finance Company,Exhibitor,—,—,Exhibitors. Source: https://money2020middleeast.com/2026-exhibitor; Website not confirmed from Money20/20 ME listing pages; email not invented
emotii,Exhibitor,—,—,Source: https://money2020middleeast.com/2026-exhibitor; Website not confirmed from Money20/20 ME listing pages; email not invented
Endeavor,Investor,https://www.endeavor.org/,—,Logo/testimonial on Investor Program page. Source: https://money2020middleeast.com/investor/investor-program; No verified public role inbox found at https://www.endeavor.org/ during this pass
Endure Capital,Investor,https://endurecap.com/,—,Speaker/org listed on 2025 agenda (investor/VC-type affiliation). Source: https://money2020middleeast.com/2025-agenda; No verified public role inbox found at https://endurecap.com/ during this pass
Energize Global Services,Exhibitor,—,—,Exhibitors. Source: https://money2020middleeast.com/2026-exhibitor; Website not confirmed from Money20/20 ME listing pages; email not invented
Enfaq,Exhibitor,—,—,Exhibitors. Source: https://money2020middleeast.com/2026-exhibitor; Website not confirmed from Money20/20 ME listing pages; email not invented
entArabi,Sponsor,https://entarabi.com/,info@entarabi.com,Media Partner. Source: https://money2020middleeast.com/sponsors-partners; verified on https://entarabi.com/
Entrepreneur Middle East,Sponsor,https://www.entrepreneur.com/en-ae,—,Media Partner. Source: https://money2020middleeast.com/sponsors-partners; No verified public role inbox found at https://www.entrepreneur.com/en-ae during this pass
EPL Pvt Ltd,Exhibitor,—,—,Source: https://money2020middleeast.com/2026-exhibitor; Website not confirmed from Money20/20 ME listing pages; email not invented
erad partners capital company,Exhibitor,—,—,Exhibitors. Source: https://money2020middleeast.com/2026-exhibitor; Website not confirmed from Money20/20 ME listing pages; email not invented
EssentaTor Inc.,Exhibitor,—,—,Exhibitors. Source: https://money2020middleeast.com/2026-exhibitor; Website not confirmed from Money20/20 ME listing pages; email not invented
Etad Digital Company for technical support,Exhibitor,—,—,Source: https://money2020middleeast.com/2026-exhibitor; Website not confirmed from Money20/20 ME listing pages; email not invented
Etkis,Exhibitor,—,—,Exhibitors. Source: https://money2020middleeast.com/2026-exhibitor; Website not confirmed from Money20/20 ME listing pages; email not invented
Everest MENA,Exhibitor,—,—,Exhibitors. Source: https://money2020middleeast.com/2026-exhibitor; Website not confirmed from Money20/20 ME listing pages; email not invented
Exequt,Exhibitor,—,—,Source: https://money2020middleeast.com/2026-exhibitor; Website not confirmed from Money20/20 ME listing pages; email not invented
Exit Finance Company,Exhibitor,—,—,Source: https://money2020middleeast.com/2026-exhibitor; Website not confirmed from Money20/20 ME listing pages; email not invented
Experience for dept collection finance,Exhibitor,—,—,Exhibitors. Source: https://money2020middleeast.com/2026-exhibitor; Website not confirmed from Money20/20 ME listing pages; email not invented
Eye of Riyadh,Sponsor,https://www.eyeofriyadh.com/,—,Media Partner. Source: https://money2020middleeast.com/sponsors-partners; No verified public role inbox found at https://www.eyeofriyadh.com/ during this pass
Facephi Biometría S.A.,Exhibitor,—,—,Exhibitors. Source: https://money2020middleeast.com/2026-exhibitor; Website not confirmed from Money20/20 ME listing pages; email not invented
Fadl x ANTA,Exhibitor,—,—,Source: https://money2020middleeast.com/2026-exhibitor; Website not confirmed from Money20/20 ME listing pages; email not invented
Falak Holding,Sponsor,https://falak.sa/,—,Community Partner. Source: https://money2020middleeast.com/sponsors-partners; No verified public role inbox found at https://falak.sa/ during this pass
Family Office Ventures,Investor,https://familyoffice.ventures/,—,Speaker/org listed on 2025 agenda (investor/VC-type affiliation). Source: https://money2020middleeast.com/2025-agenda; No verified public role inbox found at https://familyoffice.ventures/ during this pass
Fast Company Middle East,Sponsor,https://fastcompanyme.com/,—,Media Partner. Source: https://money2020middleeast.com/sponsors-partners; No verified public role inbox found at https://fastcompanyme.com/ during this pass
Feddi Technologies Limited,Exhibitor,—,—,Source: https://money2020middleeast.com/2026-exhibitor; Website not confirmed from Money20/20 ME listing pages; email not invented
FF News,Sponsor,https://ffnews.com/,—,Media Partner. Source: https://money2020middleeast.com/sponsors-partners; No verified public role inbox found at https://ffnews.com/ during this pass
Ficus Venture Capital,Investor,https://ficus.vc/,—,Speaker/org listed on 2025 agenda (investor/VC-type affiliation). Source: https://money2020middleeast.com/2025-agenda; No verified public role inbox found at https://ficus.vc/ during this pass
Fikrah Information Technology Company,Exhibitor,—,—,Source: https://money2020middleeast.com/2026-exhibitor; Website not confirmed from Money20/20 ME listing pages; email not invented
Finamina,Exhibitor,—,—,Source: https://money2020middleeast.com/2026-exhibitor; Website not confirmed from Money20/20 ME listing pages; email not invented
Finance in Motion,Investor,https://www.finance-in-motion.com/,info@finance-in-motion.com,Logo/testimonial on Investor Program page. Source: https://money2020middleeast.com/investor/investor-program; verified on https://www.finance-in-motion.com/
Finance World,Sponsor,https://financeworld.me/,—,Media Partner. Source: https://money2020middleeast.com/sponsors-partners; No verified public role inbox found at https://financeworld.me/ during this pass
Financial Sector Development Program (FSDP),Exhibitor / Sponsor,https://www.vision2030.gov.sa/en/explore/programs/financial-sector-development-program,—,Host. Source: https://money2020middleeast.com/2026-exhibitor; https://money2020middleeast.com/sponsors-partners (Hosted/Co-organised); No verified public role inbox found at https://www.vision2030.gov.sa/en/explore/programs/financial-sector-development-program during this pass
FinCISO AI Powered By Maral Engine,Exhibitor,—,—,Source: https://money2020middleeast.com/2026-exhibitor; Website not confirmed from Money20/20 ME listing pages; email not invented
FinOn Technology LLC,Exhibitor,—,—,Source: https://money2020middleeast.com/2026-exhibitor; Website not confirmed from Money20/20 ME listing pages; email not invented
Fintech Armenia,Sponsor,https://fintecharmenia.com/,—,Community Partner. Source: https://money2020middleeast.com/sponsors-partners; No verified public role inbox found at https://fintecharmenia.com/ during this pass
Fintech EurAsia,Sponsor,https://fintecheurasia.com/,—,Community Partner. Source: https://money2020middleeast.com/sponsors-partners; No verified public role inbox found at https://fintecheurasia.com/ during this pass
Fintech Futures,Sponsor,https://www.fintechfutures.com/,—,Media Partner. Source: https://money2020middleeast.com/sponsors-partners; No verified public role inbox found at https://www.fintechfutures.com/ during this pass
Fintech Magazine,Sponsor,https://fintechmagazine.com/,editor@fintechmagazine.com,Media Partner. Source: https://money2020middleeast.com/sponsors-partners; verified on https://fintechmagazine.com/about
Fintech Marketing,Sponsor,https://fintechmarketing.com/,—,Media Partner. Source: https://money2020middleeast.com/sponsors-partners; No verified public role inbox found at https://fintechmarketing.com/ during this pass
Fintech News Network,Sponsor,—,—,Media Partner. Source: https://money2020middleeast.com/sponsors-partners; Website not confirmed from Money20/20 ME listing pages; email not invented
Fintech Saudi,Exhibitor / Sponsor,https://fintechsaudi.com/,officehours@fintechsaudi.com,Co-organiser; Exhibitors. Source: https://money2020middleeast.com/2026-exhibitor; https://money2020middleeast.com/sponsors-partners (Hosted/Co-organised); verified on fintechsaudi.sa homepage
Fintech TV,Sponsor,https://fintechtv.com/,—,Media Partner. Source: https://money2020middleeast.com/sponsors-partners; No verified public role inbox found at https://fintechtv.com/ during this pass
Fintechtik,Exhibitor,—,—,Source: https://money2020middleeast.com/2026-exhibitor; Website not confirmed from Money20/20 ME listing pages; email not invented
Finvest Company,Exhibitor,—,—,Source: https://money2020middleeast.com/2026-exhibitor; Website not confirmed from Money20/20 ME listing pages; email not invented
First Abu Dhabi Bank (FAB),Investor,https://www.bankfab.com/,ir@bankfab.com,Logo/testimonial on Investor Program page. Source: https://money2020middleeast.com/investor/investor-program; verified on https://www.bankfab.com/en-ae/contact-us
First Rate Ventures,Investor,https://firstrate.vc/,—,Speaker/org listed on 2025 agenda (investor/VC-type affiliation). Source: https://money2020middleeast.com/2025-agenda; No verified public role inbox found at https://firstrate.vc/ during this pass
FIT,Sponsor,https://www.fintechintegration.com/,—,Media Partner. Source: https://money2020middleeast.com/sponsors-partners; No verified public role inbox found at https://www.fintechintegration.com/ during this pass
FlexFees,Exhibitor,—,—,Source: https://money2020middleeast.com/2026-exhibitor; Website not confirmed from Money20/20 ME listing pages; email not invented
Flooss Bahrain B.S.C (Closed),Exhibitor,—,—,Source: https://money2020middleeast.com/2026-exhibitor; Website not confirmed from Money20/20 ME listing pages; email not invented
Flourish Ventures,Investor,https://flourishventures.com/,—,Speaker/org listed on 2026 agenda (investor/VC-type affiliation). Source: https://money2020middleeast.com/2026-agenda; No verified public role inbox found at https://flourishventures.com/ during this pass
Foodics,Exhibitor / Sponsor,https://www.foodics.com/,info@foodics.com,Exhibitors; Platinum. Source: https://money2020middleeast.com/2026-exhibitor; https://money2020middleeast.com/sponsors-partners; verified on https://www.foodics.com
Fortinet,Exhibitor,—,—,Source: https://money2020middleeast.com/2026-exhibitor; Website not confirmed from Money20/20 ME listing pages; email not invented
Fuel Pay,Exhibitor,—,—,Source: https://money2020middleeast.com/2026-exhibitor; Website not confirmed from Money20/20 ME listing pages; email not invented
Fuluus,Exhibitor,—,—,Source: https://money2020middleeast.com/2026-exhibitor; Website not confirmed from Money20/20 ME listing pages; email not invented
Funding Souq For Debt Crowdfunding.,Exhibitor,—,—,Exhibitors. Source: https://money2020middleeast.com/2026-exhibitor; Website not confirmed from Money20/20 ME listing pages; email not invented
FUNDIT,Exhibitor,—,—,Source: https://money2020middleeast.com/2026-exhibitor; Website not confirmed from Money20/20 ME listing pages; email not invented
Gainz Financial Technology FZ-LLC,Exhibitor,—,—,Source: https://money2020middleeast.com/2026-exhibitor; Website not confirmed from Money20/20 ME listing pages; email not invented
Geidea Technology Company,Exhibitor,—,—,Exhibitors. Source: https://money2020middleeast.com/2026-exhibitor; Website not confirmed from Money20/20 ME listing pages; email not invented
GEN ULUSLARARASI FUARCILIK A.S.,Exhibitor,—,—,Exhibitors. Source: https://money2020middleeast.com/2026-exhibitor; Website not confirmed from Money20/20 ME listing pages; email not invented
General Atlantic,Investor,https://www.generalatlantic.com/,inquiries@generalatlantic.com,Logo/testimonial on Investor Program page. Source: https://money2020middleeast.com/investor/investor-program; verified on https://www.generalatlantic.com/
General Catalyst,Investor,https://www.generalcatalyst.com/,info@generalcatalyst.com,Logo/testimonial on Investor Program page. Source: https://money2020middleeast.com/investor/investor-program; verified on https://www.generalcatalyst.com/
Ghaia Advanced Investment Holding,Exhibitor,—,—,Exhibitors. Source: https://money2020middleeast.com/2026-exhibitor; Website not confirmed from Money20/20 ME listing pages; email not invented
GIESECKE DEVRIENT EPAYMENTS FZCO,Exhibitor,—,—,Exhibitors. Source: https://money2020middleeast.com/2026-exhibitor; Website not confirmed from Money20/20 ME listing pages; email not invented
Glamera,Exhibitor,—,—,Source: https://money2020middleeast.com/2026-exhibitor; Website not confirmed from Money20/20 ME listing pages; email not invented
GlassHUB,Exhibitor,—,—,Source: https://money2020middleeast.com/2026-exhibitor; Website not confirmed from Money20/20 ME listing pages; email not invented
Global Ventures,Investor,https://www.global.vc/,—,Speaker/org listed on 2025 agenda (investor/VC-type affiliation). Source: https://money2020middleeast.com/2025-agenda; No verified public role inbox found at https://www.global.vc/ during this pass
GMR INTERNATIONAL GROUP LTD,Exhibitor,—,—,Exhibitors. Source: https://money2020middleeast.com/2026-exhibitor; Website not confirmed from Money20/20 ME listing pages; email not invented
Golden Gate Ventures,Investor,https://goldengate.vc/,hello@goldengate.vc,Logo/testimonial on Investor Program page. Source: https://money2020middleeast.com/investor/investor-program; verified on https://www.goldengate.vc/
Goldhorse Capital,Investor,https://goldhorse.capital/,—,Speaker/org listed on 2025 agenda (investor/VC-type affiliation). Source: https://money2020middleeast.com/2025-agenda; No verified public role inbox found at https://goldhorse.capital/ during this pass
Goldman Sachs,Investor,https://www.goldmansachs.com/,—,Logo/testimonial on Investor Program page. Source: https://money2020middleeast.com/investor/investor-program; No verified public role inbox found at https://www.goldmansachs.com/ during this pass
Google Cloud,Exhibitor,—,—,Exhibitors. Source: https://money2020middleeast.com/2026-exhibitor; Website not confirmed from Money20/20 ME listing pages; email not invented
Growth Catalyst Investment Company,Exhibitor,—,—,Exhibitors. Source: https://money2020middleeast.com/2026-exhibitor; Website not confirmed from Money20/20 ME listing pages; email not invented
"Guangdong Mafa Exhibition Co.,Ltd",Exhibitor,—,—,Exhibitors. Source: https://money2020middleeast.com/2026-exhibitor; Website not confirmed from Money20/20 ME listing pages; email not invented
Gulf Capital,Investor,https://www.gulfcapital.com/,info@gulfcapital.com,Logo/testimonial on Investor Program page. Source: https://money2020middleeast.com/investor/investor-program; verified on https://www.gulfcapital.com/
Gulf International Bank (GIB),Exhibitor / Sponsor,https://www.gib.com/,—,Exhibitors; Platinum. Source: https://money2020middleeast.com/2026-exhibitor; https://money2020middleeast.com/sponsors-partners; No verified public role inbox found at https://www.gib.com/ during this pass
Hakbah,Sponsor,https://hakbah.com/,—,Platinum. Source: https://money2020middleeast.com/sponsors-partners; No verified public role inbox found at https://hakbah.com/ during this pass
Hala Payments,Exhibitor,—,—,Exhibitors. Source: https://money2020middleeast.com/2026-exhibitor; Website not confirmed from Money20/20 ME listing pages; email not invented
Halala Plus,Exhibitor,—,—,Source: https://money2020middleeast.com/2026-exhibitor; Website not confirmed from Money20/20 ME listing pages; email not invented
Haloul and Tahakam,Exhibitor,—,—,Source: https://money2020middleeast.com/2026-exhibitor; Website not confirmed from Money20/20 ME listing pages; email not invented
Hasalah Fintech Co. (Dlight),Exhibitor,—,—,Source: https://money2020middleeast.com/2026-exhibitor; Website not confirmed from Money20/20 ME listing pages; email not invented
HashDT,Exhibitor,—,—,Source: https://money2020middleeast.com/2026-exhibitor; Website not confirmed from Money20/20 ME listing pages; email not invented
Helios Investment Partners,Investor,https://www.heliosinvestment.com/,info@heliosllp.com,Speaker/org listed on 2025 agenda (investor/VC-type affiliation). Source: https://money2020middleeast.com/2025-agenda; verified on https://www.heliosinvestment.com/contact
Help Desk,Exhibitor,—,—,Source: https://money2020middleeast.com/2026-exhibitor; Website not confirmed from Money20/20 ME listing pages; email not invented
Hemaayah LLC,Exhibitor,—,—,Source: https://money2020middleeast.com/2026-exhibitor; Website not confirmed from Money20/20 ME listing pages; email not invented
"HEVN, Inc.",Exhibitor,—,—,Source: https://money2020middleeast.com/2026-exhibitor; Website not confirmed from Money20/20 ME listing pages; email not invented
HI AMIRA LTD,Exhibitor,—,—,Source: https://money2020middleeast.com/2026-exhibitor; Website not confirmed from Money20/20 ME listing pages; email not invented
Himma Platform Company for Financing,Exhibitor,—,—,Source: https://money2020middleeast.com/2026-exhibitor; Website not confirmed from Money20/20 ME listing pages; email not invented
Hollat,Exhibitor,—,—,Source: https://money2020middleeast.com/2026-exhibitor; Website not confirmed from Money20/20 ME listing pages; email not invented
HOMNA,Exhibitor,—,—,Source: https://money2020middleeast.com/2026-exhibitor; Website not confirmed from Money20/20 ME listing pages; email not invented
Hulul Sahl Alayh,Exhibitor,—,—,The Runway. Source: https://money2020middleeast.com/2026-exhibitor; Website not confirmed from Money20/20 ME listing pages; email not invented
Hustle Fund,Investor,https://www.hustlefund.vc/,—,Speaker/org listed on 2025 agenda (investor/VC-type affiliation). Source: https://money2020middleeast.com/2025-agenda; No verified public role inbox found at https://www.hustlefund.vc/ during this pass
hypernova capital,Investor,https://hypernova.capital/,—,Speaker/org listed on 2025 agenda (investor/VC-type affiliation). Source: https://money2020middleeast.com/2025-agenda; No verified public role inbox found at https://hypernova.capital/ during this pass
Hyperpay Inc Saudi Information Systems Technology,Exhibitor,—,—,Exhibitors. Source: https://money2020middleeast.com/2026-exhibitor; Website not confirmed from Money20/20 ME listing pages; email not invented
Iihata Investment Holding Company,Exhibitor,—,—,Source: https://money2020middleeast.com/2026-exhibitor; Website not confirmed from Money20/20 ME listing pages; email not invented
Ikhtisas AlAwla Company Ltd,Exhibitor,—,—,Source: https://money2020middleeast.com/2026-exhibitor; Website not confirmed from Money20/20 ME listing pages; email not invented
Impact46,Investor,https://impact46.sa/,info@impact46.sa,Logo/testimonial on Investor Program page. Source: https://money2020middleeast.com/investor/investor-program; verified on https://impact46.sa/
ina Payments Software Pvt Ltd,Exhibitor,—,—,Source: https://money2020middleeast.com/2026-exhibitor; Website not confirmed from Money20/20 ME listing pages; email not invented
Inc. Arabia,Sponsor,https://en.incarabia.com/,—,Media Partner. Source: https://money2020middleeast.com/sponsors-partners; No verified public role inbox found at https://en.incarabia.com/ during this pass
INCODI FinTech Ltd,Exhibitor,—,—,The Runway. Source: https://money2020middleeast.com/2026-exhibitor; Website not confirmed from Money20/20 ME listing pages; email not invented
Incorta,Exhibitor,—,—,Exhibitors. Source: https://money2020middleeast.com/2026-exhibitor; Website not confirmed from Money20/20 ME listing pages; email not invented
INCORTA SMART IT SOLUTIONS L.L.C,Exhibitor,—,—,Exhibitors. Source: https://money2020middleeast.com/2026-exhibitor; Website not confirmed from Money20/20 ME listing pages; email not invented
Infosys Finacle,Exhibitor,—,—,Source: https://money2020middleeast.com/2026-exhibitor; Website not confirmed from Money20/20 ME listing pages; email not invented
Infotech Group,Exhibitor,—,—,Source: https://money2020middleeast.com/2026-exhibitor; Website not confirmed from Money20/20 ME listing pages; email not invented
Innovate With Us Trading Co.,Exhibitor,—,—,Source: https://money2020middleeast.com/2026-exhibitor; Website not confirmed from Money20/20 ME listing pages; email not invented
Insurance Authority,Exhibitor,—,—,Exhibitors. Source: https://money2020middleeast.com/2026-exhibitor; Website not confirmed from Money20/20 ME listing pages; email not invented
Insurance Authority (IA),Sponsor,https://www.ia.gov.sa/,info@ia.gov.sa,Host. Source: https://money2020middleeast.com/sponsors-partners (Hosted/Co-organised); verified on https://www.ia.gov.sa/
Intellect Design Arena Arabia Limited,Exhibitor,—,—,Exhibitors. Source: https://money2020middleeast.com/2026-exhibitor; Website not confirmed from Money20/20 ME listing pages; email not invented
International Exhibition Management,Exhibitor,—,—,Exhibitors. Source: https://money2020middleeast.com/2026-exhibitor; Website not confirmed from Money20/20 ME listing pages; email not invented
IVAL,Sponsor,https://ival.sa/,—,Hydration Partner. Source: https://money2020middleeast.com/sponsors-partners; No verified public role inbox found at https://ival.sa/ during this pass
J.P. Morgan,Exhibitor / Investor,https://www.jpmorgan.com/,—,Exhibitors; Logo/testimonial on Investor Program page. Source: https://money2020middleeast.com/2026-exhibitor; https://money2020middleeast.com/investor/investor-program; No verified public role inbox found at https://www.jpmorgan.com/ during this pass
Jadara Capital,Exhibitor,—,—,Exhibitors. Source: https://money2020middleeast.com/2026-exhibitor; Website not confirmed from Money20/20 ME listing pages; email not invented
Jawlah,Sponsor,https://jawlah.sa/,—,Media Partner. Source: https://money2020middleeast.com/sponsors-partners; No verified public role inbox found at https://jawlah.sa/ during this pass
JeelPay,Exhibitor,—,—,Exhibitors. Source: https://money2020middleeast.com/2026-exhibitor; Website not confirmed from Money20/20 ME listing pages; email not invented
Jisr,Exhibitor / Sponsor,https://jisr.net/,support@jisr.net,Exhibitors; Silver. Source: https://money2020middleeast.com/2026-exhibitor; https://money2020middleeast.com/sponsors-partners; verified on https://jisr.net/en/contact
Joa Capital,Investor,https://joa.capital/,info@joacapital.com,Speaker/org listed on 2025 agenda (investor/VC-type affiliation). Source: https://money2020middleeast.com/2025-agenda; verified on https://www.joa.capital/contact
JOZO Second Information Technology Company,Exhibitor,—,—,Source: https://money2020middleeast.com/2026-exhibitor; Website not confirmed from Money20/20 ME listing pages; email not invented
JustGold,Exhibitor,—,—,Source: https://money2020middleeast.com/2026-exhibitor; Website not confirmed from Money20/20 ME listing pages; email not invented
KAFAA CAPITAL,Exhibitor,—,—,Exhibitors. Source: https://money2020middleeast.com/2026-exhibitor; Website not confirmed from Money20/20 ME listing pages; email not invented
Kamel Pay Arabia for Information Technology,Exhibitor,—,—,Exhibitors. Source: https://money2020middleeast.com/2026-exhibitor; Website not confirmed from Money20/20 ME listing pages; email not invented
Karty LLC,Exhibitor,—,—,Source: https://money2020middleeast.com/2026-exhibitor; Website not confirmed from Money20/20 ME listing pages; email not invented
Khaleej Albayanat For Information Technology,Exhibitor,—,—,Source: https://money2020middleeast.com/2026-exhibitor; Website not confirmed from Money20/20 ME listing pages; email not invented
Khazna.App,Exhibitor,—,—,Exhibitors. Source: https://money2020middleeast.com/2026-exhibitor; Website not confirmed from Money20/20 ME listing pages; email not invented
Khwarizmi Capital,Exhibitor,—,—,Exhibitors. Source: https://money2020middleeast.com/2026-exhibitor; Website not confirmed from Money20/20 ME listing pages; email not invented
Khwarizmi Ventures,Investor,https://khwarizmiventures.com/,—,Logo/testimonial on Investor Program page. Source: https://money2020middleeast.com/investor/investor-program; No verified public role inbox found at https://khwarizmiventures.com/ during this pass
LAPAY,Exhibitor,—,—,Source: https://money2020middleeast.com/2026-exhibitor; Website not confirmed from Money20/20 ME listing pages; email not invented
Launch Africa Ventures,Investor,https://www.launchafrica.vc/,info@launchafrica.vc,Speaker/org listed on 2025 agenda (investor/VC-type affiliation); Speaker/org listed on 2026 agenda (investor/VC-type affiliation). Source: https://money2020middleeast.com/2025-agenda; https://money2020middleeast.com/2026-agenda; verified on https://www.launchafrica.vc/contact-us
LEAN Technologies,Sponsor,https://leantech.me/,—,Silver. Source: https://money2020middleeast.com/sponsors-partners; No verified public role inbox found at https://leantech.me/ during this pass
Lean Technologies,Exhibitor,—,—,Exhibitors. Source: https://money2020middleeast.com/2026-exhibitor; Website not confirmed from Money20/20 ME listing pages; email not invented
Ledgers Technologies FZ-LLC,Exhibitor,—,—,Source: https://money2020middleeast.com/2026-exhibitor; Website not confirmed from Money20/20 ME listing pages; email not invented
Levl Finance Limited,Exhibitor,—,—,Exhibitors. Source: https://money2020middleeast.com/2026-exhibitor; Website not confirmed from Money20/20 ME listing pages; email not invented
Like Card,Exhibitor,—,—,Exhibitors. Source: https://money2020middleeast.com/2026-exhibitor; Website not confirmed from Money20/20 ME listing pages; email not invented
LivedIn,Exhibitor,—,—,Source: https://money2020middleeast.com/2026-exhibitor; Website not confirmed from Money20/20 ME listing pages; email not invented
LoftyInc Capital,Investor,https://loftyinc.capital/,—,Speaker/org listed on 2025 agenda (investor/VC-type affiliation). Source: https://money2020middleeast.com/2025-agenda; No verified public role inbox found at https://loftyinc.capital/ during this pass
Lovin Riyadh,Sponsor,https://lovin.co/riyadh/,—,Media Partner. Source: https://money2020middleeast.com/sponsors-partners; No verified public role inbox found at https://lovin.co/riyadh/ during this pass
Lumeo,Exhibitor,—,—,Source: https://money2020middleeast.com/2026-exhibitor; Website not confirmed from Money20/20 ME listing pages; email not invented
Lync Digital,Exhibitor,—,—,Source: https://money2020middleeast.com/2026-exhibitor; Website not confirmed from Money20/20 ME listing pages; email not invented
LYNNQ Technologies Company,Exhibitor,—,—,Source: https://money2020middleeast.com/2026-exhibitor; Website not confirmed from Money20/20 ME listing pages; email not invented
Madak Information Technology,Exhibitor,—,—,Source: https://money2020middleeast.com/2026-exhibitor; Website not confirmed from Money20/20 ME listing pages; email not invented
Madfuati Althakiya Company LLC (Shari),Exhibitor,—,—,Source: https://money2020middleeast.com/2026-exhibitor; Website not confirmed from Money20/20 ME listing pages; email not invented
Maharat Aldikhar for Financial Technology Holding…,Exhibitor,—,—,Source: https://money2020middleeast.com/2026-exhibitor; Website not confirmed from Money20/20 ME listing pages; email not invented
MAMBU,Exhibitor,—,—,Exhibitors. Source: https://money2020middleeast.com/2026-exhibitor; Website not confirmed from Money20/20 ME listing pages; email not invented
ManageEngine,Exhibitor,—,—,Exhibitors. Source: https://money2020middleeast.com/2026-exhibitor; Website not confirmed from Money20/20 ME listing pages; email not invented
Mani Company For Finance Debt Collection Service…,Exhibitor,—,—,Exhibitors. Source: https://money2020middleeast.com/2026-exhibitor; Website not confirmed from Money20/20 ME listing pages; email not invented
Mantas Insurance Solutions Inc,Exhibitor,—,—,Source: https://money2020middleeast.com/2026-exhibitor; Website not confirmed from Money20/20 ME listing pages; email not invented
Marble,Exhibitor,—,—,Exhibitors. Source: https://money2020middleeast.com/2026-exhibitor; Website not confirmed from Money20/20 ME listing pages; email not invented
MAREV OUTSOURCING PVT LTD,Exhibitor,—,—,Exhibitors. Source: https://money2020middleeast.com/2026-exhibitor; Website not confirmed from Money20/20 ME listing pages; email not invented
Masdr,Sponsor,https://masdr.sa/,—,Silver. Source: https://money2020middleeast.com/sponsors-partners; No verified public role inbox found at https://masdr.sa/ during this pass
Masdr Data Solutions Company,Exhibitor,—,—,Exhibitors. Source: https://money2020middleeast.com/2026-exhibitor; Website not confirmed from Money20/20 ME listing pages; email not invented
Mashreq NeoVentures,Investor,https://www.mashreq.com/,media@mashreq.com,Speaker/org listed on 2025 agenda (investor/VC-type affiliation). Source: https://money2020middleeast.com/2025-agenda; verified on https://www.mashreq.com/
Mastercard,Sponsor,https://www.mastercard.com/,—,Bag; Strategic. Source: https://money2020middleeast.com/sponsors-partners; No verified public role inbox found at https://www.mastercard.com/ during this pass
Mastercard Middle East Africa FZ-LLC,Exhibitor,—,—,Exhibitors. Source: https://money2020middleeast.com/2026-exhibitor; Website not confirmed from Money20/20 ME listing pages; email not invented
Mawrid,Exhibitor,—,—,Source: https://money2020middleeast.com/2026-exhibitor; Website not confirmed from Money20/20 ME listing pages; email not invented
MEA Finance,Sponsor,https://www.mea-finance.com/,editorial@mea-finance.com,Media Partner. Source: https://money2020middleeast.com/sponsors-partners; verified on https://www.mea-finance.com/contact-us/
MeemAin Edu,Exhibitor,—,—,Exhibitors. Source: https://money2020middleeast.com/2026-exhibitor; Website not confirmed from Money20/20 ME listing pages; email not invented
Mela,Exhibitor,—,—,Source: https://money2020middleeast.com/2026-exhibitor; Website not confirmed from Money20/20 ME listing pages; email not invented
Merak Capital,Investor,https://merak.capital/,contact@merak.capital,Logo/testimonial on Investor Program page; Speaker/org listed on 2025 agenda (investor/VC-type affiliation). Source: https://money2020middleeast.com/2025-agenda; https://money2020middleeast.com/investor/investor-program; verified on https://merak.capital
Merit Incentives,Exhibitor,—,—,Exhibitors. Source: https://money2020middleeast.com/2026-exhibitor; Website not confirmed from Money20/20 ME listing pages; email not invented
MetaWorldX,Exhibitor,—,—,Source: https://money2020middleeast.com/2026-exhibitor; Website not confirmed from Money20/20 ME listing pages; email not invented
Metergrade Inc.,Exhibitor,—,—,Source: https://money2020middleeast.com/2026-exhibitor; Website not confirmed from Money20/20 ME listing pages; email not invented
Metra Group,Exhibitor,—,—,Source: https://money2020middleeast.com/2026-exhibitor; Website not confirmed from Money20/20 ME listing pages; email not invented
Ministry of Investment,Exhibitor,—,—,The Runway. Source: https://money2020middleeast.com/2026-exhibitor; Website not confirmed from Money20/20 ME listing pages; email not invented
MISpay,Exhibitor,—,—,Exhibitors. Source: https://money2020middleeast.com/2026-exhibitor; Website not confirmed from Money20/20 ME listing pages; email not invented
MithaqPay,Exhibitor,—,—,Source: https://money2020middleeast.com/2026-exhibitor; Website not confirmed from Money20/20 ME listing pages; email not invented
Modular Technologies OU,Exhibitor,—,—,Exhibitors. Source: https://money2020middleeast.com/2026-exhibitor; Website not confirmed from Money20/20 ME listing pages; email not invented
Mohasby محاسبي,Exhibitor,—,—,Source: https://money2020middleeast.com/2026-exhibitor; Website not confirmed from Money20/20 ME listing pages; email not invented
Moneyhash,Exhibitor,—,—,Exhibitors. Source: https://money2020middleeast.com/2026-exhibitor; Website not confirmed from Money20/20 ME listing pages; email not invented
Monsha'at,Exhibitor,—,—,Exhibitors. Source: https://money2020middleeast.com/2026-exhibitor; Website not confirmed from Money20/20 ME listing pages; email not invented
Moria Fund Global,Exhibitor,—,—,Source: https://money2020middleeast.com/2026-exhibitor; Website not confirmed from Money20/20 ME listing pages; email not invented
Moyasar,Sponsor,https://moyasar.com/,—,Silver. Source: https://money2020middleeast.com/sponsors-partners; No verified public role inbox found at https://moyasar.com/ during this pass
Moyasar Financial Company,Exhibitor,—,—,Exhibitors. Source: https://money2020middleeast.com/2026-exhibitor; Website not confirmed from Money20/20 ME listing pages; email not invented
Mozn AI,Exhibitor,—,—,Exhibitors. Source: https://money2020middleeast.com/2026-exhibitor; Website not confirmed from Money20/20 ME listing pages; email not invented
Mubadala,Investor,https://www.mubadala.com/,compliance@mubadala.ae,Logo/testimonial on Investor Program page. Source: https://money2020middleeast.com/investor/investor-program; verified on https://www.mubadala.com/en/contact-us
Mubasher Info,Sponsor,https://english.mubasher.info/,—,Media Partner. Source: https://money2020middleeast.com/sponsors-partners; No verified public role inbox found at https://english.mubasher.info/ during this pass
MYTM Technologies LLC,Exhibitor,—,—,Source: https://money2020middleeast.com/2026-exhibitor; Website not confirmed from Money20/20 ME listing pages; email not invented
Nahil Computers Company,Exhibitor,—,—,Source: https://money2020middleeast.com/2026-exhibitor; Website not confirmed from Money20/20 ME listing pages; email not invented
Nama Ventures,Investor,https://namaventures.com/,—,Speaker/org listed on 2025 agenda (investor/VC-type affiliation). Source: https://money2020middleeast.com/2025-agenda; No verified public role inbox found at https://namaventures.com/ during this pass
Nama Ventures Capital Company,Exhibitor,—,—,Exhibitors. Source: https://money2020middleeast.com/2026-exhibitor; Website not confirmed from Money20/20 ME listing pages; email not invented
NAMI LUNA SPACE FINANCIAL CO,Exhibitor,—,—,Exhibitors. Source: https://money2020middleeast.com/2026-exhibitor; Website not confirmed from Money20/20 ME listing pages; email not invented
NearPay,Sponsor,https://nearpay.io/,—,Bronze. Source: https://money2020middleeast.com/sponsors-partners; No verified public role inbox found at https://nearpay.io/ during this pass
NEARPAY,Exhibitor,—,—,Exhibitors. Source: https://money2020middleeast.com/2026-exhibitor; Website not confirmed from Money20/20 ME listing pages; email not invented
Nearpays Technologies,Exhibitor,—,—,Source: https://money2020middleeast.com/2026-exhibitor; Website not confirmed from Money20/20 ME listing pages; email not invented
Neoleap Global Digital Financial Solution Co,Exhibitor,—,—,Exhibitors. Source: https://money2020middleeast.com/2026-exhibitor; Website not confirmed from Money20/20 ME listing pages; email not invented
Neotek,Exhibitor,—,—,Exhibitors. Source: https://money2020middleeast.com/2026-exhibitor; Website not confirmed from Money20/20 ME listing pages; email not invented
Network International,Sponsor,https://www.network.ae/,—,Bronze. Source: https://money2020middleeast.com/sponsors-partners; No verified public role inbox found at https://www.network.ae/ during this pass
NETWORK INTERNATIONAL LLC,Exhibitor,—,—,Exhibitors. Source: https://money2020middleeast.com/2026-exhibitor; Website not confirmed from Money20/20 ME listing pages; email not invented
Neumetria Inc.,Exhibitor,—,—,Source: https://money2020middleeast.com/2026-exhibitor; Website not confirmed from Money20/20 ME listing pages; email not invented
NF Innova,Exhibitor,—,—,Exhibitors. Source: https://money2020middleeast.com/2026-exhibitor; Website not confirmed from Money20/20 ME listing pages; email not invented
NOON HAKBAH Co,Exhibitor,—,—,Exhibitors. Source: https://money2020middleeast.com/2026-exhibitor; Website not confirmed from Money20/20 ME listing pages; email not invented
Norrsken22,Investor,https://www.norrsken22.com/,info@norrsken22.com,Speaker/org listed on 2026 agenda (investor/VC-type affiliation). Source: https://money2020middleeast.com/2026-agenda; verified on https://www.norrsken22.com/
NQOODLET,Exhibitor,—,—,Source: https://money2020middleeast.com/2026-exhibitor; Website not confirmed from Money20/20 ME listing pages; email not invented
Nuva LLC,Exhibitor,—,—,Source: https://money2020middleeast.com/2026-exhibitor; Website not confirmed from Money20/20 ME listing pages; email not invented
Obscurae Intelligence Inc. (D.B.A. FalsiFind),Exhibitor,—,—,Source: https://money2020middleeast.com/2026-exhibitor; Website not confirmed from Money20/20 ME listing pages; email not invented
Ofintech,Exhibitor,—,—,Source: https://money2020middleeast.com/2026-exhibitor; Website not confirmed from Money20/20 ME listing pages; email not invented
ONFTECH AL ARABIA,Exhibitor,—,—,Exhibitors. Source: https://money2020middleeast.com/2026-exhibitor; Website not confirmed from Money20/20 ME listing pages; email not invented
OPENWAY MIDDLE EAST DMCC,Exhibitor,—,—,Exhibitors. Source: https://money2020middleeast.com/2026-exhibitor; Website not confirmed from Money20/20 ME listing pages; email not invented
Operater,Exhibitor,—,—,The Runway. Source: https://money2020middleeast.com/2026-exhibitor; Website not confirmed from Money20/20 ME listing pages; email not invented
Orbii Tech Ltd,Exhibitor,—,—,Source: https://money2020middleeast.com/2026-exhibitor; Website not confirmed from Money20/20 ME listing pages; email not invented
Oumla,Exhibitor,—,—,Exhibitors. Source: https://money2020middleeast.com/2026-exhibitor; Website not confirmed from Money20/20 ME listing pages; email not invented
Pagsmile,Sponsor,https://www.pagsmile.com/,—,Bronze. Source: https://money2020middleeast.com/sponsors-partners; No verified public role inbox found at https://www.pagsmile.com/ during this pass
Pagsmile Limited,Exhibitor,—,—,Exhibitors. Source: https://money2020middleeast.com/2026-exhibitor; Website not confirmed from Money20/20 ME listing pages; email not invented
Paid Financial Company (ePAID),Exhibitor,—,—,Source: https://money2020middleeast.com/2026-exhibitor; Website not confirmed from Money20/20 ME listing pages; email not invented
Pakistan Software Export Board (PSEB),Exhibitor,—,—,Exhibitors. Source: https://money2020middleeast.com/2026-exhibitor; Website not confirmed from Money20/20 ME listing pages; email not invented
Partners for Growth,Investor,https://www.pfgrowth.com/,—,Logo/testimonial on Investor Program page; Speaker/org listed on 2025 agenda (investor/VC-type affiliation); Speaker/org listed on 2026 agenda (investor/VC-type affiliation). Source: https://money2020middleeast.com/2025-agenda; https://money2020middleeast.com/2026-agenda; https://money2020middleeast.com/investor/investor-program; No verified public role inbox found at https://www.pfgrowth.com/ during this pass
PayLater (Pay Later Website Services L.L.C.),Exhibitor,—,—,Exhibitors. Source: https://money2020middleeast.com/2026-exhibitor; Website not confirmed from Money20/20 ME listing pages; email not invented
Payment Expert / PPWm,Sponsor,https://www.paymentexpert.com/,—,Media Partner. Source: https://money2020middleeast.com/sponsors-partners; No verified public role inbox found at https://www.paymentexpert.com/ during this pass
Paymentology,Sponsor,https://www.paymentology.com/,—,Nextgen Stage. Source: https://money2020middleeast.com/sponsors-partners; No verified public role inbox found at https://www.paymentology.com/ during this pass
PayMint,Exhibitor,—,—,Source: https://money2020middleeast.com/2026-exhibitor; Website not confirmed from Money20/20 ME listing pages; email not invented
PayPal Ventures,Investor,https://www.paypal.com/,—,Speaker/org listed on 2025 agenda (investor/VC-type affiliation). Source: https://money2020middleeast.com/2025-agenda; No verified public role inbox found at https://www.paypal.com/ during this pass
Paywint,Exhibitor,—,—,Source: https://money2020middleeast.com/2026-exhibitor; Website not confirmed from Money20/20 ME listing pages; email not invented
Planto Limited,Exhibitor,—,—,Source: https://money2020middleeast.com/2026-exhibitor; Website not confirmed from Money20/20 ME listing pages; email not invented
Plug and Play,Investor / Sponsor,https://www.plugandplaytechcenter.com/,—,Community Partner; Logo/testimonial on Investor Program page. Source: https://money2020middleeast.com/investor/investor-program; https://money2020middleeast.com/sponsors-partners; No verified public role inbox found at https://www.plugandplaytechcenter.com/ during this pass
Portfolio Optimization,Exhibitor,—,—,Source: https://money2020middleeast.com/2026-exhibitor; Website not confirmed from Money20/20 ME listing pages; email not invented
Premium Residency,Exhibitor,—,—,The Runway. Source: https://money2020middleeast.com/2026-exhibitor; Website not confirmed from Money20/20 ME listing pages; email not invented
Prism56 Ltd,Exhibitor,—,—,Exhibitors. Source: https://money2020middleeast.com/2026-exhibitor; Website not confirmed from Money20/20 ME listing pages; email not invented
Proconsult International,Exhibitor,—,—,Source: https://money2020middleeast.com/2026-exhibitor; Website not confirmed from Money20/20 ME listing pages; email not invented
Projex Labs,Exhibitor,—,—,Source: https://money2020middleeast.com/2026-exhibitor; Website not confirmed from Money20/20 ME listing pages; email not invented
PT Arabia Limited - PayTabs,Exhibitor,—,—,Exhibitors. Source: https://money2020middleeast.com/2026-exhibitor; Website not confirmed from Money20/20 ME listing pages; email not invented
PT Cepat Indonesia Berkarya,Exhibitor,—,—,Source: https://money2020middleeast.com/2026-exhibitor; Website not confirmed from Money20/20 ME listing pages; email not invented
Public Investment Fund (PIF),Investor,https://www.pif.gov.sa/,—,Logo/testimonial on Investor Program page. Source: https://money2020middleeast.com/investor/investor-program; No verified public role inbox found at https://www.pif.gov.sa/ during this pass
Publicis Sapient,Exhibitor,—,—,Exhibitors. Source: https://money2020middleeast.com/2026-exhibitor; Website not confirmed from Money20/20 ME listing pages; email not invented
QaYd,Exhibitor,—,—,Source: https://money2020middleeast.com/2026-exhibitor; Website not confirmed from Money20/20 ME listing pages; email not invented
QED Investors,Investor,https://qedinvestors.com/,—,Logo/testimonial on Investor Program page. Source: https://money2020middleeast.com/investor/investor-program; No verified public role inbox found at https://qedinvestors.com/ during this pass
Qemma Collection,Exhibitor,—,—,Exhibitors. Source: https://money2020middleeast.com/2026-exhibitor; Website not confirmed from Money20/20 ME listing pages; email not invented
QNB,Investor,https://www.qnb.com/,—,Logo/testimonial on Investor Program page. Source: https://money2020middleeast.com/investor/investor-program; No verified public role inbox found at https://www.qnb.com/ during this pass
Qsalary,Exhibitor,—,—,Exhibitors. Source: https://money2020middleeast.com/2026-exhibitor; Website not confirmed from Money20/20 ME listing pages; email not invented
Quona Capital,Investor,https://quona.com/,info@quona.com,Logo/testimonial on Investor Program page; Speaker/org listed on 2025 agenda (investor/VC-type affiliation). Source: https://money2020middleeast.com/2025-agenda; https://money2020middleeast.com/investor/investor-program; verified on https://quona.com/contact/
RABEH Financial Company,Exhibitor,—,—,Source: https://money2020middleeast.com/2026-exhibitor; Website not confirmed from Money20/20 ME listing pages; email not invented
"Rabita Al-Defaa Finance Company, a Limited…",Exhibitor,—,—,Source: https://money2020middleeast.com/2026-exhibitor; Website not confirmed from Money20/20 ME listing pages; email not invented
Radaz Labs SL,Exhibitor,—,—,Source: https://money2020middleeast.com/2026-exhibitor; Website not confirmed from Money20/20 ME listing pages; email not invented
Rain,Investor,https://www.rain.bh/,—,Logo/testimonial on Investor Program page. Source: https://money2020middleeast.com/investor/investor-program; No verified public role inbox found at https://www.rain.bh/ during this pass
Rave,Exhibitor,—,—,Source: https://money2020middleeast.com/2026-exhibitor; Website not confirmed from Money20/20 ME listing pages; email not invented
Raya Venture Capital,Exhibitor,—,—,Exhibitors. Source: https://money2020middleeast.com/2026-exhibitor; Website not confirmed from Money20/20 ME listing pages; email not invented
"Rebase AI, Inc.",Exhibitor,—,—,Source: https://money2020middleeast.com/2026-exhibitor; Website not confirmed from Money20/20 ME listing pages; email not invented
Regent Protocol,Exhibitor,—,—,Source: https://money2020middleeast.com/2026-exhibitor; Website not confirmed from Money20/20 ME listing pages; email not invented
"REMOTEPASS, INC.",Exhibitor,—,—,Exhibitors. Source: https://money2020middleeast.com/2026-exhibitor; Website not confirmed from Money20/20 ME listing pages; email not invented
RePay Financials,Exhibitor,—,—,Source: https://money2020middleeast.com/2026-exhibitor; Website not confirmed from Money20/20 ME listing pages; email not invented
Rivapay,Exhibitor,—,—,Source: https://money2020middleeast.com/2026-exhibitor; Website not confirmed from Money20/20 ME listing pages; email not invented
Riyadh Region Municipality,Sponsor,https://www.alriyadh.gov.sa/,—,Sustainability Partner. Source: https://money2020middleeast.com/sponsors-partners; No verified public role inbox found at https://www.alriyadh.gov.sa/ during this pass
RMOZ,Exhibitor,—,—,Source: https://money2020middleeast.com/2026-exhibitor; Website not confirmed from Money20/20 ME listing pages; email not invented
RockawayX,Investor,https://rockawayx.com/,ir@rockawayx.com,Logo/testimonial on Investor Program page. Source: https://money2020middleeast.com/investor/investor-program; verified on https://rockawayx.com/contact
Romman,Exhibitor,—,—,Source: https://money2020middleeast.com/2026-exhibitor; Website not confirmed from Money20/20 ME listing pages; email not invented
Rovera,Exhibitor,—,—,Source: https://money2020middleeast.com/2026-exhibitor; Website not confirmed from Money20/20 ME listing pages; email not invented
Rox Custody,Exhibitor,—,—,Exhibitors. Source: https://money2020middleeast.com/2026-exhibitor; Website not confirmed from Money20/20 ME listing pages; email not invented
RSEEN,Exhibitor,—,—,Source: https://money2020middleeast.com/2026-exhibitor; Website not confirmed from Money20/20 ME listing pages; email not invented
RUSU,Exhibitor,—,—,Source: https://money2020middleeast.com/2026-exhibitor; Website not confirmed from Money20/20 ME listing pages; email not invented
S60 Ventures,Investor,https://s60.ventures/,—,Speaker/org listed on 2025 agenda (investor/VC-type affiliation). Source: https://money2020middleeast.com/2025-agenda; No verified public role inbox found at https://s60.ventures/ during this pass
SAB Bank,Exhibitor / Sponsor,https://www.sab.com/,—,Exhibitors; Gold. Source: https://money2020middleeast.com/2026-exhibitor; https://money2020middleeast.com/sponsors-partners; No verified public role inbox found at https://www.sab.com/ during this pass
SAB Invest,Investor,https://www.sabinvest.com/,—,Logo/testimonial on Investor Program page. Source: https://money2020middleeast.com/investor/investor-program; No verified public role inbox found at https://www.sabinvest.com/ during this pass
Safqah Capital,Exhibitor / Sponsor,https://safqah.capital/,—,Exhibitors; Platinum. Source: https://money2020middleeast.com/2026-exhibitor; https://money2020middleeast.com/sponsors-partners; No verified public role inbox found at https://safqah.capital/ during this pass
SAHM ALGO,Exhibitor,—,—,The Runway. Source: https://money2020middleeast.com/2026-exhibitor; Website not confirmed from Money20/20 ME listing pages; email not invented
SAMA,Exhibitor,—,—,Exhibitors. Source: https://money2020middleeast.com/2026-exhibitor; Website not confirmed from Money20/20 ME listing pages; email not invented
Sanabil Investments,Investor,https://www.sanabil.com/,—,Speaker/org listed on 2025 agenda (investor/VC-type affiliation). Source: https://money2020middleeast.com/2025-agenda; No verified public role inbox found at https://www.sanabil.com/ during this pass
Sanction Scanner LTD,Exhibitor,—,—,Source: https://money2020middleeast.com/2026-exhibitor; Website not confirmed from Money20/20 ME listing pages; email not invented
SardineAI Corp,Exhibitor,—,—,Exhibitors. Source: https://money2020middleeast.com/2026-exhibitor; Website not confirmed from Money20/20 ME listing pages; email not invented
SareePay,Exhibitor,—,—,Source: https://money2020middleeast.com/2026-exhibitor; Website not confirmed from Money20/20 ME listing pages; email not invented
Sarj,Exhibitor,—,—,Exhibitors. Source: https://money2020middleeast.com/2026-exhibitor; Website not confirmed from Money20/20 ME listing pages; email not invented
Sarj.ai,Sponsor,https://sarj.ai/,support@sarj.ai,Conversational AI Partner. Source: https://money2020middleeast.com/sponsors-partners; verified on https://sarj.ai
Saudi Central Bank (SAMA),Sponsor,https://www.sama.gov.sa/,—,Host. Source: https://money2020middleeast.com/sponsors-partners (Hosted/Co-organised); No verified public role inbox found at https://www.sama.gov.sa/ during this pass
Saudi Credit Information Company (SIMAH),Exhibitor,—,—,Exhibitors. Source: https://money2020middleeast.com/2026-exhibitor; Website not confirmed from Money20/20 ME listing pages; email not invented
Saudi Cybersecurity Company,Exhibitor / Sponsor,https://www.ssc.gov.sa/,—,Bronze; Exhibitors. Source: https://money2020middleeast.com/2026-exhibitor; https://money2020middleeast.com/sponsors-partners; No verified public role inbox found at https://www.ssc.gov.sa/ during this pass
Saudi Investment Bank (SAIB),Sponsor,https://www.saib.com.sa/,—,Gold. Source: https://money2020middleeast.com/sponsors-partners; No verified public role inbox found at https://www.saib.com.sa/ during this pass
Saudi National Bank (SNB),Sponsor,https://www.alahli.com/,—,Founding Partner. Source: https://money2020middleeast.com/sponsors-partners; No verified public role inbox found at https://www.alahli.com/ during this pass
Saudi Venture Capital (SVC),Investor,https://svc.com.sa/,—,Logo/testimonial on Investor Program page. Source: https://money2020middleeast.com/investor/investor-program; No verified public role inbox found at https://svc.com.sa/ during this pass
SC Ventures,Investor,https://scventures.io/,—,Speaker/org listed on 2025 agenda (investor/VC-type affiliation). Source: https://money2020middleeast.com/2025-agenda; No verified public role inbox found at https://scventures.io/ during this pass
Secure Advanced Virtual Infrastructure (SAVI),Exhibitor,—,—,Source: https://money2020middleeast.com/2026-exhibitor; Website not confirmed from Money20/20 ME listing pages; email not invented
Seen Tarbi for Fintech,Exhibitor,—,—,Source: https://money2020middleeast.com/2026-exhibitor; Website not confirmed from Money20/20 ME listing pages; email not invented
Setlo Finance,Exhibitor,—,—,Source: https://money2020middleeast.com/2026-exhibitor; Website not confirmed from Money20/20 ME listing pages; email not invented
"Shanghai Coshine Software Co.,Ltd",Exhibitor,—,—,Exhibitors. Source: https://money2020middleeast.com/2026-exhibitor; Website not confirmed from Money20/20 ME listing pages; email not invented
SHIFT Financial Services ltd,Exhibitor,—,—,Exhibitors. Source: https://money2020middleeast.com/2026-exhibitor; Website not confirmed from Money20/20 ME listing pages; email not invented
Shorooq Partners,Investor,https://shorooq.com/,—,Logo/testimonial on Investor Program page. Source: https://money2020middleeast.com/investor/investor-program; No verified public role inbox found at https://shorooq.com/ during this pass
SIDF Investment Company SIC,Exhibitor,—,—,Exhibitors. Source: https://money2020middleeast.com/2026-exhibitor; Website not confirmed from Money20/20 ME listing pages; email not invented
SiFi,Exhibitor / Sponsor,https://sifi.sa/,support@sifi.sa,Exhibitors; Silver. Source: https://money2020middleeast.com/2026-exhibitor; https://money2020middleeast.com/sponsors-partners; verified on https://www.sifi.app/ar/
Sigal Ventures,Investor,https://sigal.vc/,—,Speaker/org listed on 2025 agenda (investor/VC-type affiliation). Source: https://money2020middleeast.com/2025-agenda; No verified public role inbox found at https://sigal.vc/ during this pass
Signit for Information Systems Technology,Exhibitor,—,—,Exhibitors. Source: https://money2020middleeast.com/2026-exhibitor; Website not confirmed from Money20/20 ME listing pages; email not invented
Signzy Technologies Pvt Ltd,Exhibitor,—,—,Exhibitors. Source: https://money2020middleeast.com/2026-exhibitor; Website not confirmed from Money20/20 ME listing pages; email not invented
Silq Solutions,Exhibitor,—,—,Exhibitors. Source: https://money2020middleeast.com/2026-exhibitor; Website not confirmed from Money20/20 ME listing pages; email not invented
SIMAH,Sponsor,https://www.simah.com/,—,Gold. Source: https://money2020middleeast.com/sponsors-partners; No verified public role inbox found at https://www.simah.com/ during this pass
Simba Express,Exhibitor,—,—,Source: https://money2020middleeast.com/2026-exhibitor; Website not confirmed from Money20/20 ME listing pages; email not invented
Siraaj Digital Solutions Pte Ltd.,Exhibitor,—,—,Source: https://money2020middleeast.com/2026-exhibitor; Website not confirmed from Money20/20 ME listing pages; email not invented
SkipCash Solutions LLC,Exhibitor,—,—,Exhibitors. Source: https://money2020middleeast.com/2026-exhibitor; Website not confirmed from Money20/20 ME listing pages; email not invented
Sky News Arabia,Sponsor,https://www.skynewsarabia.com/,sales@skynewsarabia.com,Media Partner. Source: https://money2020middleeast.com/sponsors-partners; verified on https://www.skynewsarabia.com/
Sly,Exhibitor,—,—,Source: https://money2020middleeast.com/2026-exhibitor; Website not confirmed from Money20/20 ME listing pages; email not invented
Smart Digital Payment Company,Exhibitor,—,—,Exhibitors. Source: https://money2020middleeast.com/2026-exhibitor; Website not confirmed from Money20/20 ME listing pages; email not invented
SmartBenefits,Exhibitor,—,—,Source: https://money2020middleeast.com/2026-exhibitor; Website not confirmed from Money20/20 ME listing pages; email not invented
Smashi,Sponsor,https://smashi.com/,—,Media Partner. Source: https://money2020middleeast.com/sponsors-partners; No verified public role inbox found at https://smashi.com/ during this pass
Snapsec,Exhibitor,—,—,Exhibitors. Source: https://money2020middleeast.com/2026-exhibitor; Website not confirmed from Money20/20 ME listing pages; email not invented
SNB BANK,Exhibitor,—,—,Exhibitors. Source: https://money2020middleeast.com/2026-exhibitor; Website not confirmed from Money20/20 ME listing pages; email not invented
Snipefinity,Exhibitor,—,—,Source: https://money2020middleeast.com/2026-exhibitor; Website not confirmed from Money20/20 ME listing pages; email not invented
Social Development Bank,Exhibitor,—,—,Source: https://money2020middleeast.com/2026-exhibitor; Website not confirmed from Money20/20 ME listing pages; email not invented
SOLIDRANGE,Exhibitor,—,—,Source: https://money2020middleeast.com/2026-exhibitor; Website not confirmed from Money20/20 ME listing pages; email not invented
Solutions Intelligence (Arib),Exhibitor,—,—,Source: https://money2020middleeast.com/2026-exhibitor; Website not confirmed from Money20/20 ME listing pages; email not invented
Sorbet Holdings Limited,Exhibitor,—,—,Source: https://money2020middleeast.com/2026-exhibitor; Website not confirmed from Money20/20 ME listing pages; email not invented
Spare Arabian Financial Company,Exhibitor,—,—,Exhibitors. Source: https://money2020middleeast.com/2026-exhibitor; Website not confirmed from Money20/20 ME listing pages; email not invented
Speedinvest,Investor,https://www.speedinvest.com/,—,Speaker/org listed on 2025 agenda (investor/VC-type affiliation). Source: https://money2020middleeast.com/2025-agenda; No verified public role inbox found at https://www.speedinvest.com/ during this pass
STC Bank,Sponsor,https://www.stcbank.com.sa/,info@stcbank.com.sa,Founding Partner. Source: https://money2020middleeast.com/sponsors-partners; verified on https://www.stcbank.com.sa/
STC BANK,Exhibitor,—,—,Exhibitors. Source: https://money2020middleeast.com/2026-exhibitor; Website not confirmed from Money20/20 ME listing pages; email not invented
Stitch,Exhibitor,—,—,Exhibitors. Source: https://money2020middleeast.com/2026-exhibitor; Website not confirmed from Money20/20 ME listing pages; email not invented
Stride Ventures,Investor,https://www.strideventures.in/,—,Speaker/org listed on 2025 agenda (investor/VC-type affiliation); Speaker/org listed on 2026 agenda (investor/VC-type affiliation). Source: https://money2020middleeast.com/2025-agenda; https://money2020middleeast.com/2026-agenda; No verified public role inbox found at https://www.strideventures.in/ during this pass
Sufrah Advanced Digital Company (LLC),Exhibitor,—,—,Source: https://money2020middleeast.com/2026-exhibitor; Website not confirmed from Money20/20 ME listing pages; email not invented
Sukna Capital,Investor,https://sukna.capital/,—,Speaker/org listed on 2025 agenda (investor/VC-type affiliation). Source: https://money2020middleeast.com/2025-agenda; No verified public role inbox found at https://sukna.capital/ during this pass
Sukna Ventures,Investor,https://sukna.capital/,—,Speaker/org listed on 2025 agenda (investor/VC-type affiliation). Source: https://money2020middleeast.com/2025-agenda; No verified public role inbox found at https://sukna.capital/ during this pass
SUKUK Capital,Exhibitor,—,—,Exhibitors. Source: https://money2020middleeast.com/2026-exhibitor; Website not confirmed from Money20/20 ME listing pages; email not invented
Sureen Company,Exhibitor,—,—,Source: https://money2020middleeast.com/2026-exhibitor; Website not confirmed from Money20/20 ME listing pages; email not invented
Tabby,Sponsor,https://tabby.ai/,press@tabby.ai,Silver. Source: https://money2020middleeast.com/sponsors-partners; verified on https://tabby.ai/en-AE/newsroom
Tabby Financing Company JSC,Exhibitor,—,—,Exhibitors. Source: https://money2020middleeast.com/2026-exhibitor; Website not confirmed from Money20/20 ME listing pages; email not invented
Tahaluf,Exhibitor / Sponsor,https://tahaluf.com/,—,Co-organiser; Exhibitors. Source: https://money2020middleeast.com/2026-exhibitor; https://money2020middleeast.com/sponsors-partners (Hosted/Co-organised); No verified public role inbox found at https://tahaluf.com/ during this pass
TahawulTech,Sponsor,https://www.tahawultech.com/,info@tahawultech.com,Media Partner. Source: https://money2020middleeast.com/sponsors-partners; verified on https://www.tahawultech.com/
Tahlil albayanat alraqmiah Company for Information…,Exhibitor,—,—,Exhibitors. Source: https://money2020middleeast.com/2026-exhibitor; Website not confirmed from Money20/20 ME listing pages; email not invented
TAM Capital Company,Exhibitor,—,—,Exhibitors. Source: https://money2020middleeast.com/2026-exhibitor; Website not confirmed from Money20/20 ME listing pages; email not invented
Tamam,Sponsor,https://tamam.sa/,—,Strategic. Source: https://money2020middleeast.com/sponsors-partners; No verified public role inbox found at https://tamam.sa/ during this pass
Tamara,Sponsor,https://tamara.co/,pr@tamara.com,Founding Partner. Source: https://money2020middleeast.com/sponsors-partners; verified on https://tamara.co/en-sa/media-center
Tamara Finance Company,Exhibitor,—,—,Exhibitors. Source: https://money2020middleeast.com/2026-exhibitor; Website not confirmed from Money20/20 ME listing pages; email not invented
Tameed,Exhibitor / Sponsor,https://tameed.sa/,info@tameed.sa,Exhibitors; Gold. Source: https://money2020middleeast.com/2026-exhibitor; https://money2020middleeast.com/sponsors-partners; verified on https://tameed.sa/
Tamweel Aloula,Exhibitor,—,—,Exhibitors. Source: https://money2020middleeast.com/2026-exhibitor; Website not confirmed from Money20/20 ME listing pages; email not invented
Tanami Capital for Investment,Exhibitor,—,—,Exhibitors. Source: https://money2020middleeast.com/2026-exhibitor; Website not confirmed from Money20/20 ME listing pages; email not invented
Tanweel,Exhibitor,—,—,Exhibitors. Source: https://money2020middleeast.com/2026-exhibitor; Website not confirmed from Money20/20 ME listing pages; email not invented
Tarmeez Capital,Exhibitor / Investor,https://tarmeez.capital/,—,Exhibitors; Speaker/org listed on 2025 agenda (investor/VC-type affiliation). Source: https://money2020middleeast.com/2025-agenda; https://money2020middleeast.com/2026-exhibitor; No verified public role inbox found at https://tarmeez.capital/ during this pass
TCC,Sponsor,https://www.tcc.com.sa/,—,Gold. Source: https://money2020middleeast.com/sponsors-partners; No verified public role inbox found at https://www.tcc.com.sa/ during this pass
Technology Control Company,Exhibitor,—,—,Exhibitors. Source: https://money2020middleeast.com/2026-exhibitor; Website not confirmed from Money20/20 ME listing pages; email not invented
TechSpace,Exhibitor,—,—,Source: https://money2020middleeast.com/2026-exhibitor; Website not confirmed from Money20/20 ME listing pages; email not invented
Test Booth,Exhibitor,—,—,Source: https://money2020middleeast.com/2026-exhibitor; Website not confirmed from Money20/20 ME listing pages; email not invented
TEST BOOTH MONEY 20/20,Exhibitor,—,—,Exhibitors. Source: https://money2020middleeast.com/2026-exhibitor; Website not confirmed from Money20/20 ME listing pages; email not invented
The Financial Academy,Exhibitor,—,—,Exhibitors. Source: https://money2020middleeast.com/2026-exhibitor; Website not confirmed from Money20/20 ME listing pages; email not invented
The Fintech Times,Sponsor,https://thefintechtimes.com/,—,Media Partner. Source: https://money2020middleeast.com/sponsors-partners; No verified public role inbox found at https://thefintechtimes.com/ during this pass
The Sulaiman Al Rajhi Development Financing (RFD),Exhibitor,—,—,Exhibitors. Source: https://money2020middleeast.com/2026-exhibitor; Website not confirmed from Money20/20 ME listing pages; email not invented
The Wall Street Journal,Sponsor,https://www.wsj.com/,support@wsj.com,Media Partner. Source: https://money2020middleeast.com/sponsors-partners; verified on https://www.wsj.com/about-us
Thomson Reuters Ventures,Investor,https://www.thomsonreuters.com/,—,Logo/testimonial on Investor Program page. Source: https://money2020middleeast.com/investor/investor-program; No verified public role inbox found at https://www.thomsonreuters.com/ during this pass
Thunes Asia Private Limited,Exhibitor,—,—,Exhibitors. Source: https://money2020middleeast.com/2026-exhibitor; Website not confirmed from Money20/20 ME listing pages; email not invented
Tijarahub,Exhibitor,—,—,Source: https://money2020middleeast.com/2026-exhibitor; Website not confirmed from Money20/20 ME listing pages; email not invented
Tohf Holdings Limited,Exhibitor,—,—,Source: https://money2020middleeast.com/2026-exhibitor; Website not confirmed from Money20/20 ME listing pages; email not invented
Totally,Exhibitor,—,—,Source: https://money2020middleeast.com/2026-exhibitor; Website not confirmed from Money20/20 ME listing pages; email not invented
TotalPay Company Limited,Exhibitor,—,—,Exhibitors. Source: https://money2020middleeast.com/2026-exhibitor; Website not confirmed from Money20/20 ME listing pages; email not invented
TPS Arabia,Exhibitor,—,—,Source: https://money2020middleeast.com/2026-exhibitor; Website not confirmed from Money20/20 ME listing pages; email not invented
Traderpal LLC,Exhibitor,—,—,The Runway. Source: https://money2020middleeast.com/2026-exhibitor; Website not confirmed from Money20/20 ME listing pages; email not invented
Trell,Exhibitor,—,—,Source: https://money2020middleeast.com/2026-exhibitor; Website not confirmed from Money20/20 ME listing pages; email not invented
Trendly,Exhibitor,—,—,Source: https://money2020middleeast.com/2026-exhibitor; Website not confirmed from Money20/20 ME listing pages; email not invented
Trent,Exhibitor,—,—,Source: https://money2020middleeast.com/2026-exhibitor; Website not confirmed from Money20/20 ME listing pages; email not invented
Trustangle,Exhibitor,—,—,Source: https://money2020middleeast.com/2026-exhibitor; Website not confirmed from Money20/20 ME listing pages; email not invented
TryHeron,Exhibitor,—,—,Source: https://money2020middleeast.com/2026-exhibitor; Website not confirmed from Money20/20 ME listing pages; email not invented
UmraPay Financial Technology Company,Exhibitor,—,—,Exhibitors. Source: https://money2020middleeast.com/2026-exhibitor; Website not confirmed from Money20/20 ME listing pages; email not invented
UnionPay International Co,Exhibitor,—,—,Exhibitors. Source: https://money2020middleeast.com/2026-exhibitor; Website not confirmed from Money20/20 ME listing pages; email not invented
Unipal,Exhibitor,—,—,Source: https://money2020middleeast.com/2026-exhibitor; Website not confirmed from Money20/20 ME listing pages; email not invented
Validus Investment Holdings,Investor,https://validusholdings.com/,—,Speaker/org listed on 2026 agenda (investor/VC-type affiliation). Source: https://money2020middleeast.com/2026-agenda; No verified public role inbox found at https://validusholdings.com/ during this pass
Valor Capital Group,Investor,https://valorcapitalgroup.com/,—,Speaker/org listed on 2025 agenda (investor/VC-type affiliation). Source: https://money2020middleeast.com/2025-agenda; No verified public role inbox found at https://valorcapitalgroup.com/ during this pass
ValueMentor Cyber Security Company,Exhibitor,—,—,Exhibitors. Source: https://money2020middleeast.com/2026-exhibitor; Website not confirmed from Money20/20 ME listing pages; email not invented
Vanquour Wealth Management,Investor,—,—,Logo/testimonial on Investor Program page. Source: https://money2020middleeast.com/investor/investor-program; Website not confirmed from Money20/20 ME listing pages; email not invented
VAS Acceptance,Exhibitor,—,—,Source: https://money2020middleeast.com/2026-exhibitor; Website not confirmed from Money20/20 ME listing pages; email not invented
VAS Issuing & Risk,Exhibitor,—,—,Source: https://money2020middleeast.com/2026-exhibitor; Website not confirmed from Money20/20 ME listing pages; email not invented
Vast Solutions Company (Vast Group),Exhibitor,—,—,Source: https://money2020middleeast.com/2026-exhibitor; Website not confirmed from Money20/20 ME listing pages; email not invented
Velox (Amana Pay),Exhibitor,—,—,Source: https://money2020middleeast.com/2026-exhibitor; Website not confirmed from Money20/20 ME listing pages; email not invented
VentureSouq,Investor,https://www.venturesouq.com/,—,Speaker/org listed on 2025 agenda (investor/VC-type affiliation). Source: https://money2020middleeast.com/2025-agenda; No verified public role inbox found at https://www.venturesouq.com/ during this pass
Visa,Sponsor,https://www.visa.com/,press@visa.com,Founding Partner. Source: https://money2020middleeast.com/sponsors-partners; verified on Visa newsroom
Visa Commercial Solutions,Exhibitor,—,—,Source: https://money2020middleeast.com/2026-exhibitor; Website not confirmed from Money20/20 ME listing pages; email not invented
Visa Direct,Exhibitor,—,—,Source: https://money2020middleeast.com/2026-exhibitor; Website not confirmed from Money20/20 ME listing pages; email not invented
Visa General,Exhibitor,—,—,Source: https://money2020middleeast.com/2026-exhibitor; Website not confirmed from Money20/20 ME listing pages; email not invented
VISA INTERNATIONAL SERVICE ASSOCIATION,Exhibitor,—,—,Exhibitors. Source: https://money2020middleeast.com/2026-exhibitor; Website not confirmed from Money20/20 ME listing pages; email not invented
Wadaie Assets Company,Exhibitor,—,—,Exhibitors. Source: https://money2020middleeast.com/2026-exhibitor; Website not confirmed from Money20/20 ME listing pages; email not invented
WAMID,Investor,https://wamid.sa/,—,Logo/testimonial on Investor Program page. Source: https://money2020middleeast.com/investor/investor-program; No verified public role inbox found at https://wamid.sa/ during this pass
WIDTH Pte. Ltd.,Exhibitor,—,—,Source: https://money2020middleeast.com/2026-exhibitor; Website not confirmed from Money20/20 ME listing pages; email not invented
WLTW,Sponsor,https://www.wltw.com/,—,Media Partner. Source: https://money2020middleeast.com/sponsors-partners; No verified public role inbox found at https://www.wltw.com/ during this pass
WUKAD ALHULUL Company For Finance Aggregator Service,Exhibitor,—,—,Exhibitors. Source: https://money2020middleeast.com/2026-exhibitor; Website not confirmed from Money20/20 ME listing pages; email not invented
XYOVA,Exhibitor,—,—,Exhibitors. Source: https://money2020middleeast.com/2026-exhibitor; Website not confirmed from Money20/20 ME listing pages; email not invented
Yallah Business AI,Exhibitor,—,—,Exhibitors. Source: https://money2020middleeast.com/2026-exhibitor; Website not confirmed from Money20/20 ME listing pages; email not invented
YSF Smart Solutions,Exhibitor,—,—,Source: https://money2020middleeast.com/2026-exhibitor; Website not confirmed from Money20/20 ME listing pages; email not invented
Yubi,Exhibitor,—,—,Exhibitors. Source: https://money2020middleeast.com/2026-exhibitor; Website not confirmed from Money20/20 ME listing pages; email not invented
"Zakat, Tax and Customs Authority",Exhibitor,—,—,The Runway. Source: https://money2020middleeast.com/2026-exhibitor; Website not confirmed from Money20/20 ME listing pages; email not invented
Zest Equity,Exhibitor,—,—,Source: https://money2020middleeast.com/2026-exhibitor; Website not confirmed from Money20/20 ME listing pages; email not invented
Zoho,Sponsor,https://www.zoho.com/,press@zohocorp.com,Silver. Source: https://money2020middleeast.com/sponsors-partners; verified on zoho contactus page
Zoho Technologies Company,Exhibitor,—,—,Exhibitors. Source: https://money2020middleeast.com/2026-exhibitor; Website not confirmed from Money20/20 ME listing pages; email not invented
ZTO,Sponsor,https://zto.world/,—,Media Partner. Source: https://money2020middleeast.com/sponsors-partners; No verified public role inbox found at https://zto.world/ during this pass
